INSERT INTO users (user_id, username, firstname, lastname, id_number, phone, password, address, email, is_active, salt, create_at) VALUES (1001, 'lwu', '军', '张', NULL, '13753728363', 'OPLPkyC*#3', '海南省西宁市清浦关岭路w座 698067', 'hanyan@example.net', true, '00000000000000000000000000000000', now());
INSERT INTO users (user_id, username, firstname, lastname, id_number, phone, password, address, email, is_active, salt, create_at) VALUES (1002, 'yyuan', '欢', '韩', NULL, '14504759426', '7w#H+58J)p', '河南省建县牧野福州街W座 999348', 'vmeng@example.org', true, '00000000000000000000000000000000', now());
INSERT INTO users (user_id, username, firstname, lastname, id_number, phone, password, address, email, is_active, salt, create_at) VALUES (1003, 'qianjun', '婷婷', '王', NULL, '18148223534', '27&0(VGj+)', '香港特别行政区郑州县花溪六安街N座 302002', 'pingmao@example.com', true, '00000000000000000000000000000000', now());
INSERT INTO users (user_id, username, firstname, lastname, id_number, phone, password, address, email, is_active, salt, create_at) VALUES (1004, 'ping22', '欢', '李', NULL, '18180935249', 'cj6JqIEbT*', '辽宁省娟县南湖曾路e座 945187', 'fangdeng@example.org', true, '00000000000000000000000000000000', now());
INSERT INTO users (user_id, username, firstname, lastname, id_number, phone, password, address, email, is_active, salt, create_at) VALUES (1005, 'qsong', '燕', '林', NULL, '18644849365', ')7Jx2dYcTp', '广东省六盘水市合川李路C座 303316', 'gongxiuying@example.com', true, '00000000000000000000000000000000', now());
INSERT INTO users (user_id, username, firstname, lastname, id_number, phone, password, address, email, is_active, salt, create_at) VALUES (1006, 'opan', '玉梅', '曹', NULL, '13708788196', 'Nt8$vTKu$%', '河南省阜新县友好陈街T座 757190', 'yong44@example.org', true, '00000000000000000000000000000000', now());
INSERT INTO users (user_id, username, firstname, lastname, id_number, phone, password, address, email, is_active, salt, create_at) VALUES (1007, 'xiulan81', '鹏', '任', NULL, '13642527503', '(j2dYMvX&3', '黑龙江省阳县永川嘉禾街C座 179761', 'lxiong@example.com', true, '00000000000000000000000000000000', now());
INSERT INTO users (user_id, username, firstname, lastname, id_number, phone, password, address, email, is_active, salt, create_at) VALUES (1008, 'wuna', '志强', '马', NULL, '14762299898', '1sF_p8Bx&N', '广东省建市大东潜江路p座 597658', 'shenmin@example.com', true, '00000000000000000000000000000000', now());
INSERT INTO users (user_id, username, firstname, lastname, id_number, phone, password, address, email, is_active, salt, create_at) VALUES (1009, 'xmo', '梅', '张', NULL, '15864153429', 'r*a6RikaXV', '广东省婷婷县滨城海门路h座 316424', 'taozeng@example.org', true, '00000000000000000000000000000000', now());
INSERT INTO users (user_id, username, firstname, lastname, id_number, phone, password, address, email, is_active, salt, create_at) VALUES (1010, 'cuilei', '桂兰', '张', NULL, '18802292656', 'g(5g8iSj!4', '河北省淑英市魏都阜新路Y座 879300', 'chengli@example.org', true, '00000000000000000000000000000000', now());
INSERT INTO users (user_id, username, firstname, lastname, id_number, phone, password, address, email, is_active, salt, create_at) VALUES (1011, 'cchang', '颖', '曾', NULL, '18912654152', 'w4YNolAU)e', '重庆市东莞县秀英张路s座 852074', 'xia22@example.org', true, '00000000000000000000000000000000', now());
INSERT INTO users (user_id, username, firstname, lastname, id_number, phone, password, address, email, is_active, salt, create_at) VALUES (1012, 'leidu', '梅', '林', NULL, '18838617168', '%h*OxLVzu4', '吉林省梧州县大东王路b座 452909', 'chaodong@example.org', true, '00000000000000000000000000000000', now());
INSERT INTO users (user_id, username, firstname, lastname, id_number, phone, password, address, email, is_active, salt, create_at) VALUES (1013, 'yongluo', '婷', '蒙', NULL, '18096583003', 'Z0USdAHc^b', '台湾省大冶市沙湾吴路r座 604660', 'minqian@example.com', true, '00000000000000000000000000000000', now());
INSERT INTO users (user_id, username, firstname, lastname, id_number, phone, password, address, email, is_active, salt, create_at) VALUES (1014, 'wuwei', '英', '彭', NULL, '13204228594', 'Ge@5WRvl3)', '浙江省哈尔滨市浔阳蒙街s座 385177', 'yangli@example.net', true, '00000000000000000000000000000000', now());
INSERT INTO users (user_id, username, firstname, lastname, id_number, phone, password, address, email, is_active, salt, create_at) VALUES (1015, 'jun50', '勇', '朱', NULL, '13338773896', '5_!7Ci1x$Q', '重庆市莉县滨城郭路H座 582114', 'yongdu@example.com', true, '00000000000000000000000000000000', now());
INSERT INTO users (user_id, username, firstname, lastname, id_number, phone, password, address, email, is_active, salt, create_at) VALUES (1016, 'mingqin', '桂香', '曹', NULL, '13664706163', 'c(9NPCvm(o', '辽宁省台北市淄川王路T座 681245', 'qianmin@example.org', true, '00000000000000000000000000000000', now());
INSERT INTO users (user_id, username, firstname, lastname, id_number, phone, password, address, email, is_active, salt, create_at) VALUES (1017, 'juntao', '婷婷', '王', NULL, '18975138113', '10vcHhSf_z', '山西省萍县白云洪路A座 602099', 'jiexiong@example.net', true, '00000000000000000000000000000000', now());
INSERT INTO users (user_id, username, firstname, lastname, id_number, phone, password, address, email, is_active, salt, create_at) VALUES (1018, 'jingqin', '浩', '张', NULL, '18761579493', '(bSARN114Y', '广西壮族自治区桂香县南溪兰州街d座 849498', 'zyu@example.org', true, '00000000000000000000000000000000', now());
INSERT INTO users (user_id, username, firstname, lastname, id_number, phone, password, address, email, is_active, salt, create_at) VALUES (1019, 'asong', '晶', '王', NULL, '13399126994', 'h9D9)WVe)A', '新疆维吾尔自治区巢湖县黄浦蔡街f座 656152', 'fanghe@example.org', true, '00000000000000000000000000000000', now());
INSERT INTO users (user_id, username, firstname, lastname, id_number, phone, password, address, email, is_active, salt, create_at) VALUES (1020, 'xiexiuying', '坤', '张', NULL, '18295778483', 'E(N1O$6@jf', '四川省呼和浩特县安次徐路M座 559556', 'daiguiying@example.com', true, '00000000000000000000000000000000', now());
INSERT INTO roles (role_id, name) VALUES (1, 'admin');
INSERT INTO roles (role_id, name) VALUES (2, 'staff');
INSERT INTO roles (role_id, name) VALUES (3, 'default');
INSERT INTO roles (role_id, name) VALUES (4, 'customer');
INSERT INTO roles (role_id, name) VALUES (5, 'customer');
INSERT INTO roles (role_id, name) VALUES (6, 'staff');
INSERT INTO roles (role_id, name) VALUES (7, 'staff');
INSERT INTO roles (role_id, name) VALUES (8, 'staff');
INSERT INTO roles (role_id, name) VALUES (9, 'customer');
INSERT INTO roles (role_id, name) VALUES (10, 'customer');
INSERT INTO roles (role_id, name) VALUES (11, 'customer');
INSERT INTO roles (role_id, name) VALUES (12, 'customer');
INSERT INTO roles (role_id, name) VALUES (13, 'customer');
INSERT INTO roles (role_id, name) VALUES (14, 'staff');
INSERT INTO roles (role_id, name) VALUES (15, 'customer');
INSERT INTO roles (role_id, name) VALUES (16, 'customer');
INSERT INTO roles (role_id, name) VALUES (17, 'customer');
INSERT INTO roles (role_id, name) VALUES (18, 'customer');
INSERT INTO roles (role_id, name) VALUES (19, 'staff');
INSERT INTO roles (role_id, name) VALUES (20, 'customer');
INSERT INTO user_roles (role_id, user_id, grant_date) VALUES (16, 1017, now());
INSERT INTO user_roles (role_id, user_id, grant_date) VALUES (6, 1018, now());
INSERT INTO user_roles (role_id, user_id, grant_date) VALUES (6, 1001, now());
INSERT INTO user_roles (role_id, user_id, grant_date) VALUES (6, 1008, now());
INSERT INTO user_roles (role_id, user_id, grant_date) VALUES (9, 1003, now());
INSERT INTO user_roles (role_id, user_id, grant_date) VALUES (8, 1001, now());
INSERT INTO user_roles (role_id, user_id, grant_date) VALUES (15, 1011, now());
INSERT INTO user_roles (role_id, user_id, grant_date) VALUES (8, 1003, now());
INSERT INTO user_roles (role_id, user_id, grant_date) VALUES (15, 1016, now());
INSERT INTO user_roles (role_id, user_id, grant_date) VALUES (16, 1016, now());
INSERT INTO user_roles (role_id, user_id, grant_date) VALUES (4, 1015, now());
INSERT INTO user_roles (role_id, user_id, grant_date) VALUES (4, 1020, now());
INSERT INTO user_roles (role_id, user_id, grant_date) VALUES (3, 1011, now());
INSERT INTO user_roles (role_id, user_id, grant_date) VALUES (9, 1013, now());
INSERT INTO user_roles (role_id, user_id, grant_date) VALUES (15, 1002, now());
INSERT INTO user_roles (role_id, user_id, grant_date) VALUES (17, 1004, now());
INSERT INTO user_roles (role_id, user_id, grant_date) VALUES (4, 1004, now());
INSERT INTO user_roles (role_id, user_id, grant_date) VALUES (12, 1012, now());
INSERT INTO user_roles (role_id, user_id, grant_date) VALUES (9, 1010, now());
INSERT INTO user_roles (role_id, user_id, grant_date) VALUES (4, 1009, now());
INSERT INTO cafeterias (cafeteria_id, name, location, is_active) VALUES (1, 'Cafeteria 0', '山西省兴城县高明哈尔滨路o座 800849', true);
INSERT INTO cafeterias (cafeteria_id, name, location, is_active) VALUES (2, 'Cafeteria 0', '云南省银川市和平杨街i座 535016', true);
INSERT INTO cafeterias (cafeteria_id, name, location, is_active) VALUES (3, 'Cafeteria 0', '青海省旭县东城北镇路i座 224111', true);
INSERT INTO cafeterias (cafeteria_id, name, location, is_active) VALUES (4, 'Cafeteria 0', '安徽省健市滨城潮州路v座 965670', true);
INSERT INTO cafeterias (cafeteria_id, name, location, is_active) VALUES (5, 'Cafeteria 0', '重庆市邯郸市高坪兰州路b座 565568', true);
INSERT INTO cafeterias (cafeteria_id, name, location, is_active) VALUES (6, 'Cafeteria 0', '重庆市荣县和平东莞路o座 428253', true);
INSERT INTO cafeterias (cafeteria_id, name, location, is_active) VALUES (7, 'Cafeteria 0', '甘肃省惠州市涪城武汉街b座 469875', true);
INSERT INTO cafeterias (cafeteria_id, name, location, is_active) VALUES (8, 'Cafeteria 0', '湖北省健县沙湾张街S座 628502', true);
INSERT INTO cafeterias (cafeteria_id, name, location, is_active) VALUES (9, 'Cafeteria 0', '浙江省洁县东丽段街L座 295453', true);
INSERT INTO cafeterias (cafeteria_id, name, location, is_active) VALUES (10, 'Cafeteria 0', '新疆维吾尔自治区重庆市东城罗路t座 870041', true);
INSERT INTO cafeterias (cafeteria_id, name, location, is_active) VALUES (11, 'Cafeteria 0', '海南省石家庄县白云辛集街x座 519341', true);
INSERT INTO cafeterias (cafeteria_id, name, location, is_active) VALUES (12, 'Cafeteria 0', '天津市南宁县江北潜江街w座 921011', true);
INSERT INTO cafeterias (cafeteria_id, name, location, is_active) VALUES (13, 'Cafeteria 0', '上海市嘉禾市高港林路c座 915106', true);
INSERT INTO cafeterias (cafeteria_id, name, location, is_active) VALUES (14, 'Cafeteria 0', '河北省丽县友好通辽路m座 628624', true);
INSERT INTO cafeterias (cafeteria_id, name, location, is_active) VALUES (15, 'Cafeteria 0', '江苏省哈尔滨市吉区黄街f座 491102', true);
INSERT INTO cafeterias (cafeteria_id, name, location, is_active) VALUES (16, 'Cafeteria 0', '浙江省凤英县丰都澳门路X座 435355', true);
INSERT INTO cafeterias (cafeteria_id, name, location, is_active) VALUES (17, 'Cafeteria 0', '河南省邯郸县东丽宜都路p座 147102', true);
INSERT INTO cafeterias (cafeteria_id, name, location, is_active) VALUES (18, 'Cafeteria 0', '青海省瑜市白云石家庄路c座 222179', true);
INSERT INTO cafeterias (cafeteria_id, name, location, is_active) VALUES (19, 'Cafeteria 0', '云南省海燕市东丽深圳街p座 905652', true);
INSERT INTO cafeterias (cafeteria_id, name, location, is_active) VALUES (20, 'Cafeteria 0', '湖南省六盘水县普陀西宁街n座 747627', true);
INSERT INTO merchants (merchant_id, name, is_active) VALUES (1, 'Merchant 1', true);
INSERT INTO merchants (merchant_id, name, is_active) VALUES (2, 'Merchant 2', true);
INSERT INTO merchants (merchant_id, name, is_active) VALUES (3, 'Merchant 3', true);
INSERT INTO merchants (merchant_id, name, is_active) VALUES (4, 'Merchant 4', true);
INSERT INTO merchants (merchant_id, name, is_active) VALUES (5, 'Merchant 5', true);
INSERT INTO merchants (merchant_id, name, is_active) VALUES (6, 'Merchant 6', true);
INSERT INTO merchants (merchant_id, name, is_active) VALUES (7, 'Merchant 7', true);
INSERT INTO merchants (merchant_id, name, is_active) VALUES (8, 'Merchant 8', true);
INSERT INTO merchants (merchant_id, name, is_active) VALUES (9, 'Merchant 9', true);
INSERT INTO merchants (merchant_id, name, is_active) VALUES (10, 'Merchant 10', true);
INSERT INTO merchants (merchant_id, name, is_active) VALUES (11, 'Merchant 11', true);
INSERT INTO merchants (merchant_id, name, is_active) VALUES (12, 'Merchant 12', true);
INSERT INTO merchants (merchant_id, name, is_active) VALUES (13, 'Merchant 13', true);
INSERT INTO merchants (merchant_id, name, is_active) VALUES (14, 'Merchant 14', true);
INSERT INTO merchants (merchant_id, name, is_active) VALUES (15, 'Merchant 15', true);
INSERT INTO merchants (merchant_id, name, is_active) VALUES (16, 'Merchant 16', true);
INSERT INTO merchants (merchant_id, name, is_active) VALUES (17, 'Merchant 17', true);
INSERT INTO merchants (merchant_id, name, is_active) VALUES (18, 'Merchant 18', true);
INSERT INTO merchants (merchant_id, name, is_active) VALUES (19, 'Merchant 19', true);
INSERT INTO merchants (merchant_id, name, is_active) VALUES (20, 'Merchant 20', true);
INSERT INTO contracts (cafeteria_id, merchant_id, start_timestamp, end_timestamp) VALUES (19, 11, now(), now() + interval '1 year');
INSERT INTO contracts (cafeteria_id, merchant_id, start_timestamp, end_timestamp) VALUES (18, 19, now(), now() + interval '1 year');
INSERT INTO contracts (cafeteria_id, merchant_id, start_timestamp, end_timestamp) VALUES (12, 7, now(), now() + interval '1 year');
INSERT INTO contracts (cafeteria_id, merchant_id, start_timestamp, end_timestamp) VALUES (15, 2, now(), now() + interval '1 year');
INSERT INTO contracts (cafeteria_id, merchant_id, start_timestamp, end_timestamp) VALUES (13, 4, now(), now() + interval '1 year');
INSERT INTO contracts (cafeteria_id, merchant_id, start_timestamp, end_timestamp) VALUES (14, 1, now(), now() + interval '1 year');
INSERT INTO contracts (cafeteria_id, merchant_id, start_timestamp, end_timestamp) VALUES (9, 16, now(), now() + interval '1 year');
INSERT INTO contracts (cafeteria_id, merchant_id, start_timestamp, end_timestamp) VALUES (20, 7, now(), now() + interval '1 year');
INSERT INTO contracts (cafeteria_id, merchant_id, start_timestamp, end_timestamp) VALUES (8, 6, now(), now() + interval '1 year');
INSERT INTO contracts (cafeteria_id, merchant_id, start_timestamp, end_timestamp) VALUES (13, 15, now(), now() + interval '1 year');
INSERT INTO contracts (cafeteria_id, merchant_id, start_timestamp, end_timestamp) VALUES (8, 15, now(), now() + interval '1 year');
INSERT INTO contracts (cafeteria_id, merchant_id, start_timestamp, end_timestamp) VALUES (20, 4, now(), now() + interval '1 year');
INSERT INTO contracts (cafeteria_id, merchant_id, start_timestamp, end_timestamp) VALUES (10, 13, now(), now() + interval '1 year');
INSERT INTO contracts (cafeteria_id, merchant_id, start_timestamp, end_timestamp) VALUES (14, 12, now(), now() + interval '1 year');
INSERT INTO contracts (cafeteria_id, merchant_id, start_timestamp, end_timestamp) VALUES (2, 20, now(), now() + interval '1 year');
INSERT INTO contracts (cafeteria_id, merchant_id, start_timestamp, end_timestamp) VALUES (15, 12, now(), now() + interval '1 year');
INSERT INTO contracts (cafeteria_id, merchant_id, start_timestamp, end_timestamp) VALUES (7, 20, now(), now() + interval '1 year');
INSERT INTO contracts (cafeteria_id, merchant_id, start_timestamp, end_timestamp) VALUES (18, 2, now(), now() + interval '1 year');
INSERT INTO contracts (cafeteria_id, merchant_id, start_timestamp, end_timestamp) VALUES (13, 2, now(), now() + interval '1 year');
INSERT INTO contracts (cafeteria_id, merchant_id, start_timestamp, end_timestamp) VALUES (3, 13, now(), now() + interval '1 year');
INSERT INTO discounts (discount_id, name, percentage) VALUES (1, '等级他的活动必须什么首页所以部分.', '0.68');
INSERT INTO discounts (discount_id, name, percentage) VALUES (2, '怎么进入地区.', '0.20');
INSERT INTO discounts (discount_id, name, percentage) VALUES (3, '同时公司当前直接由于设计那些.', '0.42');
INSERT INTO discounts (discount_id, name, percentage) VALUES (4, '一直上海包括进行等级之间一切.', '0.56');
INSERT INTO discounts (discount_id, name, percentage) VALUES (5, '来源就是当然一个分析.', '0.50');
INSERT INTO discounts (discount_id, name, percentage) VALUES (6, '世界汽车继续以上.', '0.15');
INSERT INTO discounts (discount_id, name, percentage) VALUES (7, '或者客户同时产品积分结果商品.', '0.76');
INSERT INTO discounts (discount_id, name, percentage) VALUES (8, '搜索全国增加这种注意标题同时.', '0.25');
INSERT INTO discounts (discount_id, name, percentage) VALUES (9, '文章网站是否同时可是这里大小.', '0.99');
INSERT INTO discounts (discount_id, name, percentage) VALUES (10, '关于如此控制如何因为网络.', '0.46');
INSERT INTO discounts (discount_id, name, percentage) VALUES (11, '网站记者来源城市今天部分品牌.', '0.50');
INSERT INTO discounts (discount_id, name, percentage) VALUES (12, '一般正在只有详细标题服务.', '0.01');
INSERT INTO discounts (discount_id, name, percentage) VALUES (13, '有关回复在线认为包括历史.', '0.39');
INSERT INTO discounts (discount_id, name, percentage) VALUES (14, '历史状态生产历史方面品牌.', '0.87');
INSERT INTO discounts (discount_id, name, percentage) VALUES (15, '投资价格帖子最大电影更多两个.', '0.14');
INSERT INTO discounts (discount_id, name, percentage) VALUES (16, '开始参加技术政府.', '0.36');
INSERT INTO discounts (discount_id, name, percentage) VALUES (17, '应该选择继续两个不要那么.', '0.85');
INSERT INTO discounts (discount_id, name, percentage) VALUES (18, '一定最大世界继续都是.', '0.19');
INSERT INTO discounts (discount_id, name, percentage) VALUES (19, '控制分析状态进行资源组织最新.', '0.66');
INSERT INTO discounts (discount_id, name, percentage) VALUES (20, '质量项目虽然无法.', '0.01');
INSERT INTO categories (category_id, name) VALUES (1, 'Category 1');
INSERT INTO categories (category_id, name) VALUES (2, 'Category 2');
INSERT INTO categories (category_id, name) VALUES (3, 'Category 3');
INSERT INTO categories (category_id, name) VALUES (4, 'Category 4');
INSERT INTO categories (category_id, name) VALUES (5, 'Category 5');
INSERT INTO categories (category_id, name) VALUES (6, 'Category 6');
INSERT INTO categories (category_id, name) VALUES (7, 'Category 7');
INSERT INTO categories (category_id, name) VALUES (8, 'Category 8');
INSERT INTO categories (category_id, name) VALUES (9, 'Category 9');
INSERT INTO categories (category_id, name) VALUES (10, 'Category 10');
INSERT INTO categories (category_id, name) VALUES (11, 'Category 11');
INSERT INTO categories (category_id, name) VALUES (12, 'Category 12');
INSERT INTO categories (category_id, name) VALUES (13, 'Category 13');
INSERT INTO categories (category_id, name) VALUES (14, 'Category 14');
INSERT INTO categories (category_id, name) VALUES (15, 'Category 15');
INSERT INTO categories (category_id, name) VALUES (16, 'Category 16');
INSERT INTO categories (category_id, name) VALUES (17, 'Category 17');
INSERT INTO categories (category_id, name) VALUES (18, 'Category 18');
INSERT INTO categories (category_id, name) VALUES (19, 'Category 19');
INSERT INTO categories (category_id, name) VALUES (20, 'Category 20');
INSERT INTO dishes (dish_id, merchant_id, category_id, name, price, ingredients, description) VALUES (1, 18, 7, '其他这么推荐联系发现.', '15.25', '一定全国用户.', '网站同时你的部门深圳因此威望.');
INSERT INTO dishes (dish_id, merchant_id, category_id, name, price, ingredients, description) VALUES (2, 16, 7, '查看解决结果本站但是拥有.', '80.51', '空间程序科技加入.', '资源希望如何关于两个企业经验.');
INSERT INTO dishes (dish_id, merchant_id, category_id, name, price, ingredients, description) VALUES (3, 1, 15, '对于部分的话是否不同品牌看到.', '10.60', '方法标题提高等级没有音乐空间电影.', '电话日期信息.');
INSERT INTO dishes (dish_id, merchant_id, category_id, name, price, ingredients, description) VALUES (4, 12, 7, '规定简介没有看到谢谢.', '73.84', '表示一种一种论坛注意大学当然.', '或者点击城市还是.');
INSERT INTO dishes (dish_id, merchant_id, category_id, name, price, ingredients, description) VALUES (5, 3, 17, '原因两个学生类别处理一些报告什么.', '25.25', '客户增加还是应用电脑会员上海.', '所以加入城市精华业务业务.');
INSERT INTO dishes (dish_id, merchant_id, category_id, name, price, ingredients, description) VALUES (6, 10, 11, '位置不过但是感觉所有当前到了.', '21.75', '那个拥有生产客户只要一切.', '帮助以上就是相关.');
INSERT INTO dishes (dish_id, merchant_id, category_id, name, price, ingredients, description) VALUES (7, 4, 4, '文件进行为什出来名称新闻技术.', '85.01', '关于加入决定加入管理技术情况.', '喜欢工具分析一起.');
INSERT INTO dishes (dish_id, merchant_id, category_id, name, price, ingredients, description) VALUES (8, 19, 8, '国际软件怎么很多.', '58.65', '用户提高留言表示发表.', '报告运行详细语言.');
INSERT INTO dishes (dish_id, merchant_id, category_id, name, price, ingredients, description) VALUES (9, 3, 17, '选择网站提供地区一些阅读下载.', '97.09', '联系自己文章虽然处理注意公司帖子.', '女人程序文件表示.');
INSERT INTO dishes (dish_id, merchant_id, category_id, name, price, ingredients, description) VALUES (10, 14, 12, '决定文件准备商品显示你的.', '47.83', '注册根据这里不是表示.', '点击你的怎么环境那些.');
INSERT INTO dishes (dish_id, merchant_id, category_id, name, price, ingredients, description) VALUES (11, 6, 11, '品牌关于国际认为来自谢谢.', '44.14', '最大地址投资那么销售.', '如果国家电话由于更多.');
INSERT INTO dishes (dish_id, merchant_id, category_id, name, price, ingredients, description) VALUES (12, 4, 18, '注意帖子一样标题拥有你的.', '18.80', '直接工具应用环境.', '包括她的继续.');
INSERT INTO dishes (dish_id, merchant_id, category_id, name, price, ingredients, description) VALUES (13, 17, 3, '质量简介中文而且.', '37.94', '信息开始可以程序文化.', '知道功能电子文化大小留言.');
INSERT INTO dishes (dish_id, merchant_id, category_id, name, price, ingredients, description) VALUES (14, 3, 13, '网站更新语言不同部门根据.', '69.02', '目前威望日本加入.', '查看名称因此关系工具.');
INSERT INTO dishes (dish_id, merchant_id, category_id, name, price, ingredients, description) VALUES (15, 12, 15, '表示以下一定您的有限可能.', '66.48', '这些网站欢迎比较在线价格提高.', '部分全国这些经验女人看到.');
INSERT INTO dishes (dish_id, merchant_id, category_id, name, price, ingredients, description) VALUES (16, 8, 8, '关于出来加入这种一直.', '11.39', '全国只是计划内容.', '查看以后电影经营在线这种详细.');
INSERT INTO dishes (dish_id, merchant_id, category_id, name, price, ingredients, description) VALUES (17, 9, 13, '免费工具朋友实现也是.', '5.49', '只有继续管理活动有限电脑.', '起来其他相关.');
INSERT INTO dishes (dish_id, merchant_id, category_id, name, price, ingredients, description) VALUES (18, 3, 13, '帮助部分中国商品.', '22.43', '发展您的东西很多为了.', '一些之后孩子点击之间.');
INSERT INTO dishes (dish_id, merchant_id, category_id, name, price, ingredients, description) VALUES (19, 17, 12, '行业系统大学手机.', '92.15', '世界一点完全中文业务目前欢迎.', '同时进行组织工程东西.');
INSERT INTO dishes (dish_id, merchant_id, category_id, name, price, ingredients, description) VALUES (20, 9, 6, '的是使用作者你的威望手机.', '4.62', '汽车有些日期如此.', '服务那么标准程序资源论坛经济一种.');
INSERT INTO dish_discounts (dish_id, discount_id, start_timestamp, end_timestamp) VALUES (3, 0, now(), now() + interval '1 month');
INSERT INTO dish_discounts (dish_id, discount_id, start_timestamp, end_timestamp) VALUES (10, 0, now(), now() + interval '1 month');
INSERT INTO dish_discounts (dish_id, discount_id, start_timestamp, end_timestamp) VALUES (19, 0, now(), now() + interval '1 month');
INSERT INTO dish_discounts (dish_id, discount_id, start_timestamp, end_timestamp) VALUES (1, 0, now(), now() + interval '1 month');
INSERT INTO dish_discounts (dish_id, discount_id, start_timestamp, end_timestamp) VALUES (14, 0, now(), now() + interval '1 month');
INSERT INTO dish_discounts (dish_id, discount_id, start_timestamp, end_timestamp) VALUES (6, 0, now(), now() + interval '1 month');
INSERT INTO dish_discounts (dish_id, discount_id, start_timestamp, end_timestamp) VALUES (1, 0, now(), now() + interval '1 month');
INSERT INTO dish_discounts (dish_id, discount_id, start_timestamp, end_timestamp) VALUES (4, 0, now(), now() + interval '1 month');
INSERT INTO dish_discounts (dish_id, discount_id, start_timestamp, end_timestamp) VALUES (6, 0, now(), now() + interval '1 month');
INSERT INTO dish_discounts (dish_id, discount_id, start_timestamp, end_timestamp) VALUES (14, 0, now(), now() + interval '1 month');
INSERT INTO dish_discounts (dish_id, discount_id, start_timestamp, end_timestamp) VALUES (14, 0, now(), now() + interval '1 month');
INSERT INTO dish_discounts (dish_id, discount_id, start_timestamp, end_timestamp) VALUES (4, 0, now(), now() + interval '1 month');
INSERT INTO dish_discounts (dish_id, discount_id, start_timestamp, end_timestamp) VALUES (9, 0, now(), now() + interval '1 month');
INSERT INTO dish_discounts (dish_id, discount_id, start_timestamp, end_timestamp) VALUES (17, 0, now(), now() + interval '1 month');
INSERT INTO dish_discounts (dish_id, discount_id, start_timestamp, end_timestamp) VALUES (18, 0, now(), now() + interval '1 month');
INSERT INTO dish_discounts (dish_id, discount_id, start_timestamp, end_timestamp) VALUES (14, 0, now(), now() + interval '1 month');
INSERT INTO dish_discounts (dish_id, discount_id, start_timestamp, end_timestamp) VALUES (2, 0, now(), now() + interval '1 month');
INSERT INTO dish_discounts (dish_id, discount_id, start_timestamp, end_timestamp) VALUES (12, 0, now(), now() + interval '1 month');
INSERT INTO dish_discounts (dish_id, discount_id, start_timestamp, end_timestamp) VALUES (14, 0, now(), now() + interval '1 month');
INSERT INTO dish_discounts (dish_id, discount_id, start_timestamp, end_timestamp) VALUES (9, 0, now(), now() + interval '1 month');
INSERT INTO orders (order_id, user_id, review_id, address, contact, total_price, status, create_at) VALUES (1, 1016, 1, '陕西省玉梅县魏都辽阳街G座 119359', '18507570047', '8.89', 'completed', now());
INSERT INTO orders (order_id, user_id, review_id, address, contact, total_price, status, create_at) VALUES (2, 1016, 2, '辽宁省巢湖市静安杨街c座 121794', '15547566112', '91.21', 'completed', now());
INSERT INTO orders (order_id, user_id, review_id, address, contact, total_price, status, create_at) VALUES (3, 1011, 3, '北京市文县淄川李路f座 942819', '13545151790', '7.80', 'completed', now());
INSERT INTO orders (order_id, user_id, review_id, address, contact, total_price, status, create_at) VALUES (4, 1004, 4, '新疆维吾尔自治区秀兰县朝阳衣街v座 906970', '13629891376', '32.53', 'completed', now());
INSERT INTO orders (order_id, user_id, review_id, address, contact, total_price, status, create_at) VALUES (5, 1011, 5, '安徽省琴市金平海门街D座 615945', '15617692723', '46.07', 'completed', now());
INSERT INTO orders (order_id, user_id, review_id, address, contact, total_price, status, create_at) VALUES (6, 1002, 6, '西藏自治区华市崇文兴安盟路v座 617378', '15124284056', '7.28', 'completed', now());
INSERT INTO orders (order_id, user_id, review_id, address, contact, total_price, status, create_at) VALUES (7, 1002, 7, '广西壮族自治区济南市双滦长春路f座 892952', '15675417731', '72.47', 'completed', now());
INSERT INTO orders (order_id, user_id, review_id, address, contact, total_price, status, create_at) VALUES (8, 1013, 8, '宁夏回族自治区呼和浩特市双滦张街Q座 996320', '15364411455', '79.49', 'completed', now());
INSERT INTO orders (order_id, user_id, review_id, address, contact, total_price, status, create_at) VALUES (9, 1014, 9, '吉林省晶市龙潭陈路G座 958107', '13266231877', '67.76', 'completed', now());
INSERT INTO orders (order_id, user_id, review_id, address, contact, total_price, status, create_at) VALUES (10, 1017, 10, '台湾省荆门县锡山惠州街S座 132147', '18751292942', '50.20', 'completed', now());
INSERT INTO orders (order_id, user_id, review_id, address, contact, total_price, status, create_at) VALUES (11, 1003, 11, '河南省太原市沈北新王路Q座 531452', '18894533705', '33.12', 'completed', now());
INSERT INTO orders (order_id, user_id, review_id, address, contact, total_price, status, create_at) VALUES (12, 1011, 12, '江西省霞县金平杭州路T座 419940', '14559011918', '45.22', 'completed', now());
INSERT INTO orders (order_id, user_id, review_id, address, contact, total_price, status, create_at) VALUES (13, 1015, 13, '台湾省秀云市金平成都路E座 796000', '18537660970', '66.97', 'completed', now());
INSERT INTO orders (order_id, user_id, review_id, address, contact, total_price, status, create_at) VALUES (14, 1008, 14, '黑龙江省芳市东城兰州路D座 823096', '13899642699', '32.99', 'completed', now());
INSERT INTO orders (order_id, user_id, review_id, address, contact, total_price, status, create_at) VALUES (15, 1014, 15, '广东省长沙市魏都徐路o座 799197', '13424228699', '76.21', 'completed', now());
INSERT INTO orders (order_id, user_id, review_id, address, contact, total_price, status, create_at) VALUES (16, 1010, 16, '内蒙古自治区海门市长寿南昌路v座 958353', '18268756969', '80.92', 'completed', now());
INSERT INTO orders (order_id, user_id, review_id, address, contact, total_price, status, create_at) VALUES (17, 1017, 17, '河南省哈尔滨市兴山深圳街N座 109787', '13281213286', '70.81', 'completed', now());
INSERT INTO orders (order_id, user_id, review_id, address, contact, total_price, status, create_at) VALUES (18, 1019, 18, '海南省莹县滨城王路X座 463093', '15288760433', '95.94', 'completed', now());
INSERT INTO orders (order_id, user_id, review_id, address, contact, total_price, status, create_at) VALUES (19, 1009, 19, '广东省上海市长寿西安街U座 144063', '14705935978', '79.41', 'completed', now());
INSERT INTO orders (order_id, user_id, review_id, address, contact, total_price, status, create_at) VALUES (20, 1014, 20, '江西省重庆市双滦孔街u座 235040', '13162210642', '73.59', 'completed', now());
INSERT INTO order_items (dish_id, order_id, quantity) VALUES (3, 5, '2');
INSERT INTO order_items (dish_id, order_id, quantity) VALUES (5, 4, '8');
INSERT INTO order_items (dish_id, order_id, quantity) VALUES (15, 15, '4');
INSERT INTO order_items (dish_id, order_id, quantity) VALUES (19, 1, '5');
INSERT INTO order_items (dish_id, order_id, quantity) VALUES (1, 17, '7');
INSERT INTO order_items (dish_id, order_id, quantity) VALUES (1, 9, '1');
INSERT INTO order_items (dish_id, order_id, quantity) VALUES (7, 12, '4');
INSERT INTO order_items (dish_id, order_id, quantity) VALUES (14, 3, '4');
INSERT INTO order_items (dish_id, order_id, quantity) VALUES (8, 20, '4');
INSERT INTO order_items (dish_id, order_id, quantity) VALUES (4, 15, '10');
INSERT INTO order_items (dish_id, order_id, quantity) VALUES (10, 15, '5');
INSERT INTO order_items (dish_id, order_id, quantity) VALUES (14, 4, '4');
INSERT INTO order_items (dish_id, order_id, quantity) VALUES (2, 10, '6');
INSERT INTO order_items (dish_id, order_id, quantity) VALUES (11, 3, '6');
INSERT INTO order_items (dish_id, order_id, quantity) VALUES (2, 19, '2');
INSERT INTO order_items (dish_id, order_id, quantity) VALUES (11, 8, '7');
INSERT INTO order_items (dish_id, order_id, quantity) VALUES (13, 9, '2');
INSERT INTO order_items (dish_id, order_id, quantity) VALUES (16, 12, '2');
INSERT INTO order_items (dish_id, order_id, quantity) VALUES (9, 10, '6');
INSERT INTO order_items (dish_id, order_id, quantity) VALUES (3, 9, '9');
INSERT INTO reviews (review_id, user_id, rating, comment, create_at) VALUES (1, 1010, '2', '需要市场继续.', now());
INSERT INTO reviews (review_id, user_id, rating, comment, create_at) VALUES (13, 1020, '2', '责任什么之后.', now());
INSERT INTO reviews (review_id, user_id, rating, comment, create_at) VALUES (16, 1016, '3', '这里社区其实选择一起合作组织.', now());
INSERT INTO reviews (review_id, user_id, rating, comment, create_at) VALUES (13, 1016, '5', '学校一种环境登录注意活动这个.', now());
INSERT INTO reviews (review_id, user_id, rating, comment, create_at) VALUES (7, 1010, '1', '学生发生公司电话.', now());
INSERT INTO reviews (review_id, user_id, rating, comment, create_at) VALUES (17, 1018, '1', '到了当然正在合作建设如此.', now());
INSERT INTO reviews (review_id, user_id, rating, comment, create_at) VALUES (6, 1017, '1', '东西有关地区相关业务设备希望.', now());
INSERT INTO reviews (review_id, user_id, rating, comment, create_at) VALUES (8, 1016, '1', '正在建设那些然后类型电子次数.', now());
INSERT INTO reviews (review_id, user_id, rating, comment, create_at) VALUES (18, 1015, '3', '我的业务责任留言活动有些因为.', now());
INSERT INTO reviews (review_id, user_id, rating, comment, create_at) VALUES (5, 1009, '5', '电子重要次数联系游戏而且.', now());
INSERT INTO reviews (review_id, user_id, rating, comment, create_at) VALUES (3, 1005, '3', '觉得作者运行游戏帖子支持作品设备.', now());
INSERT INTO reviews (review_id, user_id, rating, comment, create_at) VALUES (8, 1012, '5', '一起人员网站信息.', now());
INSERT INTO reviews (review_id, user_id, rating, comment, create_at) VALUES (7, 1006, '5', '分析首页觉得也是国内.', now());
INSERT INTO reviews (review_id, user_id, rating, comment, create_at) VALUES (5, 1004, '3', '如此生活之间国际认为什么希望.', now());
INSERT INTO reviews (review_id, user_id, rating, comment, create_at) VALUES (14, 1010, '5', '商品国际帮助品牌处理其他状态.', now());
INSERT INTO reviews (review_id, user_id, rating, comment, create_at) VALUES (2, 1011, '1', '如此也是因为威望帖子应用学习大家.', now());
INSERT INTO reviews (review_id, user_id, rating, comment, create_at) VALUES (10, 1018, '1', '国内为了能够.', now());
INSERT INTO reviews (review_id, user_id, rating, comment, create_at) VALUES (2, 1006, '1', '原因密码那些喜欢操作.', now());
INSERT INTO reviews (review_id, user_id, rating, comment, create_at) VALUES (2, 1008, '3', '评论国家推荐功能.', now());
INSERT INTO reviews (review_id, user_id, rating, comment, create_at) VALUES (7, 1020, '3', '通过位置但是工具这么相关.', now());
INSERT INTO merchant_users (merchant_id, user_id, update_time, job_title, company) VALUES (19, 1018, now(), 'manager', 'company1');
INSERT INTO merchant_users (merchant_id, user_id, update_time, job_title, company) VALUES (11, 1008, now(), 'contractor', 'company1');
INSERT INTO merchant_users (merchant_id, user_id, update_time, job_title, company) VALUES (12, 1005, now(), 'merchant', 'company3');
INSERT INTO merchant_users (merchant_id, user_id, update_time, job_title, company) VALUES (7, 1012, now(), 'manager', 'company3');
INSERT INTO merchant_users (merchant_id, user_id, update_time, job_title, company) VALUES (11, 1016, now(), 'contractor', 'company1');
INSERT INTO merchant_users (merchant_id, user_id, update_time, job_title, company) VALUES (20, 1015, now(), 'merchant', 'company3');
INSERT INTO merchant_users (merchant_id, user_id, update_time, job_title, company) VALUES (20, 1008, now(), 'manager', 'company2');
INSERT INTO merchant_users (merchant_id, user_id, update_time, job_title, company) VALUES (15, 1018, now(), 'merchant', 'company3');
INSERT INTO merchant_users (merchant_id, user_id, update_time, job_title, company) VALUES (2, 1016, now(), 'manager', 'company1');
INSERT INTO merchant_users (merchant_id, user_id, update_time, job_title, company) VALUES (16, 1018, now(), 'manager', 'company3');
INSERT INTO merchant_users (merchant_id, user_id, update_time, job_title, company) VALUES (20, 1014, now(), 'merchant', 'company3');
INSERT INTO merchant_users (merchant_id, user_id, update_time, job_title, company) VALUES (13, 1008, now(), 'merchant', 'company2');
INSERT INTO merchant_users (merchant_id, user_id, update_time, job_title, company) VALUES (10, 1006, now(), 'manager', 'company3');
INSERT INTO merchant_users (merchant_id, user_id, update_time, job_title, company) VALUES (20, 1015, now(), 'merchant', 'company2');
INSERT INTO merchant_users (merchant_id, user_id, update_time, job_title, company) VALUES (9, 1017, now(), 'merchant', 'company1');
INSERT INTO merchant_users (merchant_id, user_id, update_time, job_title, company) VALUES (1, 1013, now(), 'contractor', 'company3');
INSERT INTO merchant_users (merchant_id, user_id, update_time, job_title, company) VALUES (11, 1017, now(), 'merchant', 'company2');
INSERT INTO merchant_users (merchant_id, user_id, update_time, job_title, company) VALUES (10, 1014, now(), 'merchant', 'company2');
INSERT INTO merchant_users (merchant_id, user_id, update_time, job_title, company) VALUES (16, 1001, now(), 'manager', 'company1');
INSERT INTO merchant_users (merchant_id, user_id, update_time, job_title, company) VALUES (16, 1007, now(), 'manager', 'company3');
