INSERT INTO users (user_id, username, firstname, lastname, id_number, phone, password, address, email, is_active, salt, create_at) VALUES (1001, 'vqin', '洋', '杨', NULL, '13234879422', 'Q@)22JIYSc', '安徽省文市高坪王街o座 209995', 'yyan@example.org', true, '00000000000000000000000000000000', now());
INSERT INTO users (user_id, username, firstname, lastname, id_number, phone, password, address, email, is_active, salt, create_at) VALUES (1002, 'li18', '红', '曹', NULL, '13273464273', 'i3G0WAKb)s', '重庆市兴城县新城兴城路y座 280227', 'yuantao@example.org', true, '00000000000000000000000000000000', now());
INSERT INTO users (user_id, username, firstname, lastname, id_number, phone, password, address, email, is_active, salt, create_at) VALUES (1003, 'dxu', '金凤', '杨', NULL, '13340764352', '6EsZ+1Ld7R', '黑龙江省秀珍县房山六盘水路n座 809136', 'kangjun@example.net', true, '00000000000000000000000000000000', now());
INSERT INTO users (user_id, username, firstname, lastname, id_number, phone, password, address, email, is_active, salt, create_at) VALUES (1004, 'gang69', '磊', '徐', NULL, '18613994327', '4%Hat8aj&0', '青海省桂兰县友好曹街I座 526834', 'mcao@example.net', true, '00000000000000000000000000000000', now());
INSERT INTO users (user_id, username, firstname, lastname, id_number, phone, password, address, email, is_active, salt, create_at) VALUES (1005, 'yongwu', '颖', '陆', NULL, '18035232928', 'jtO68BXn!!', '黑龙江省佛山县涪城北京街m座 763646', 'sunchao@example.net', true, '00000000000000000000000000000000', now());
INSERT INTO users (user_id, username, firstname, lastname, id_number, phone, password, address, email, is_active, salt, create_at) VALUES (1006, 'edong', '金凤', '马', NULL, '13539217389', '#i62ONyf#D', '湖南省建华市魏都武汉街V座 115757', 'mengyong@example.net', true, '00000000000000000000000000000000', now());
INSERT INTO users (user_id, username, firstname, lastname, id_number, phone, password, address, email, is_active, salt, create_at) VALUES (1007, 'guiying81', '瑜', '章', NULL, '18522822584', 'Lnf+1vMz%$', '云南省长沙县锡山韦路A座 918903', 'weiguo@example.net', true, '00000000000000000000000000000000', now());
INSERT INTO users (user_id, username, firstname, lastname, id_number, phone, password, address, email, is_active, salt, create_at) VALUES (1008, 'yongxia', '晶', '陈', NULL, '15863788479', '4cnHgUee$%', '湖北省嘉禾县秀英六盘水街z座 584167', 'wpeng@example.com', true, '00000000000000000000000000000000', now());
INSERT INTO users (user_id, username, firstname, lastname, id_number, phone, password, address, email, is_active, salt, create_at) VALUES (1009, 'xia70', '凤英', '万', NULL, '13233630357', 'KS(1fRKyXb', '澳门特别行政区西安县西夏杭州路Q座 583290', 'wei30@example.org', true, '00000000000000000000000000000000', now());
INSERT INTO users (user_id, username, firstname, lastname, id_number, phone, password, address, email, is_active, salt, create_at) VALUES (1010, 'fang14', '强', '黄', NULL, '13179957437', '8j&b!2XeYi', '西藏自治区关岭县江北苏路m座 532570', 'yang53@example.net', true, '00000000000000000000000000000000', now());
INSERT INTO users (user_id, username, firstname, lastname, id_number, phone, password, address, email, is_active, salt, create_at) VALUES (1011, 'qiaogang', '峰', '叶', NULL, '15145248531', 'a!7C6v4m^#', '浙江省海门市新城詹路D座 319602', 'xiahan@example.org', true, '00000000000000000000000000000000', now());
INSERT INTO users (user_id, username, firstname, lastname, id_number, phone, password, address, email, is_active, salt, create_at) VALUES (1012, 'ntan', '莉', '邓', NULL, '18230542509', 'N)33DVSD4m', '辽宁省红霞县滨城台北路h座 460742', 'shenchao@example.org', true, '00000000000000000000000000000000', now());
INSERT INTO users (user_id, username, firstname, lastname, id_number, phone, password, address, email, is_active, salt, create_at) VALUES (1013, 'pingqian', '波', '刘', NULL, '18281220466', '#pxNCYCl3R', '安徽省淑华县友好余路v座 348246', 'juan65@example.com', true, '00000000000000000000000000000000', now());
INSERT INTO users (user_id, username, firstname, lastname, id_number, phone, password, address, email, is_active, salt, create_at) VALUES (1014, 'luoxia', '军', '陈', NULL, '15630633125', 'w7so4Mxx_@', '江西省淑英县城东海口街U座 429112', 'slai@example.net', true, '00000000000000000000000000000000', now());
INSERT INTO users (user_id, username, firstname, lastname, id_number, phone, password, address, email, is_active, salt, create_at) VALUES (1015, 'yujun', '龙', '李', NULL, '15519586109', 'j@tW8YVhmA', '陕西省昆明县普陀王路d座 349567', 'fang31@example.com', true, '00000000000000000000000000000000', now());
INSERT INTO users (user_id, username, firstname, lastname, id_number, phone, password, address, email, is_active, salt, create_at) VALUES (1016, 'jiewang', '丽丽', '赵', NULL, '15737914234', '@3jXJjKEqq', '江西省楠县山亭贵阳街C座 249441', 'tao94@example.com', true, '00000000000000000000000000000000', now());
INSERT INTO users (user_id, username, firstname, lastname, id_number, phone, password, address, email, is_active, salt, create_at) VALUES (1017, 'junqiao', '静', '张', NULL, '15267520688', 'KX7SquRR%1', '辽宁省小红县和平陈路J座 246110', 'yangwan@example.com', true, '00000000000000000000000000000000', now());
INSERT INTO users (user_id, username, firstname, lastname, id_number, phone, password, address, email, is_active, salt, create_at) VALUES (1018, 'songping', '彬', '杨', NULL, '15729810900', '&JftNQytR8', '海南省合肥市南长李路w座 627992', 'jinmin@example.net', true, '00000000000000000000000000000000', now());
INSERT INTO users (user_id, username, firstname, lastname, id_number, phone, password, address, email, is_active, salt, create_at) VALUES (1019, 'dguo', '兰英', '王', NULL, '14785028359', 'Z9Po4MFR_j', '广东省荆门市山亭北镇路p座 841087', 'dsun@example.net', true, '00000000000000000000000000000000', now());
INSERT INTO users (user_id, username, firstname, lastname, id_number, phone, password, address, email, is_active, salt, create_at) VALUES (1020, 'huangping', '涛', '邢', NULL, '13353827616', 'q1*h9Hxp)o', '河北省梧州县双滦北京街n座 577844', 'chao87@example.com', true, '00000000000000000000000000000000', now());
INSERT INTO roles (role_id, name) VALUES (1, 'admin');
INSERT INTO roles (role_id, name) VALUES (2, 'staff');
INSERT INTO roles (role_id, name) VALUES (3, 'default');
INSERT INTO roles (role_id, name) VALUES (4, 'customer');
INSERT INTO roles (role_id, name) VALUES (5, 'customer');
INSERT INTO roles (role_id, name) VALUES (6, 'customer');
INSERT INTO roles (role_id, name) VALUES (7, 'customer');
INSERT INTO roles (role_id, name) VALUES (8, 'customer');
INSERT INTO roles (role_id, name) VALUES (9, 'customer');
INSERT INTO roles (role_id, name) VALUES (10, 'customer');
INSERT INTO roles (role_id, name) VALUES (11, 'customer');
INSERT INTO roles (role_id, name) VALUES (12, 'customer');
INSERT INTO roles (role_id, name) VALUES (13, 'staff');
INSERT INTO roles (role_id, name) VALUES (14, 'customer');
INSERT INTO roles (role_id, name) VALUES (15, 'customer');
INSERT INTO roles (role_id, name) VALUES (16, 'customer');
INSERT INTO roles (role_id, name) VALUES (17, 'default');
INSERT INTO roles (role_id, name) VALUES (18, 'customer');
INSERT INTO roles (role_id, name) VALUES (19, 'customer');
INSERT INTO roles (role_id, name) VALUES (20, 'staff');
INSERT INTO user_roles (role_id, user_id, grant_date) VALUES (17, 1019, now());
INSERT INTO user_roles (role_id, user_id, grant_date) VALUES (15, 1012, now());
INSERT INTO user_roles (role_id, user_id, grant_date) VALUES (8, 1003, now());
INSERT INTO user_roles (role_id, user_id, grant_date) VALUES (18, 1019, now());
INSERT INTO user_roles (role_id, user_id, grant_date) VALUES (8, 1016, now());
INSERT INTO user_roles (role_id, user_id, grant_date) VALUES (19, 1019, now());
INSERT INTO user_roles (role_id, user_id, grant_date) VALUES (16, 1009, now());
INSERT INTO user_roles (role_id, user_id, grant_date) VALUES (10, 1008, now());
INSERT INTO user_roles (role_id, user_id, grant_date) VALUES (12, 1013, now());
INSERT INTO user_roles (role_id, user_id, grant_date) VALUES (20, 1016, now());
INSERT INTO user_roles (role_id, user_id, grant_date) VALUES (1, 1019, now());
INSERT INTO user_roles (role_id, user_id, grant_date) VALUES (14, 1004, now());
INSERT INTO user_roles (role_id, user_id, grant_date) VALUES (7, 1001, now());
INSERT INTO user_roles (role_id, user_id, grant_date) VALUES (2, 1017, now());
INSERT INTO user_roles (role_id, user_id, grant_date) VALUES (2, 1005, now());
INSERT INTO user_roles (role_id, user_id, grant_date) VALUES (2, 1010, now());
INSERT INTO user_roles (role_id, user_id, grant_date) VALUES (17, 1017, now());
INSERT INTO user_roles (role_id, user_id, grant_date) VALUES (10, 1004, now());
INSERT INTO user_roles (role_id, user_id, grant_date) VALUES (10, 1006, now());
INSERT INTO user_roles (role_id, user_id, grant_date) VALUES (20, 1014, now());
INSERT INTO cafeterias (cafeteria_id, name, location, is_active) VALUES (1, 'Cafeteria 1', '江苏省呼和浩特县徐汇胡街u座 891602', true);
INSERT INTO cafeterias (cafeteria_id, name, location, is_active) VALUES (2, 'Cafeteria 2', '湖北省桂兰县城东呼和浩特路N座 388227', true);
INSERT INTO cafeterias (cafeteria_id, name, location, is_active) VALUES (3, 'Cafeteria 3', '福建省昆明县魏都李路M座 331403', true);
INSERT INTO cafeterias (cafeteria_id, name, location, is_active) VALUES (4, 'Cafeteria 4', '辽宁省淑华市崇文阜新路V座 236463', true);
INSERT INTO cafeterias (cafeteria_id, name, location, is_active) VALUES (5, 'Cafeteria 5', '台湾省柳州县淄川兰州街d座 124854', true);
INSERT INTO cafeterias (cafeteria_id, name, location, is_active) VALUES (6, 'Cafeteria 6', '贵州省沈阳市南湖杨街c座 225930', true);
INSERT INTO cafeterias (cafeteria_id, name, location, is_active) VALUES (7, 'Cafeteria 7', '澳门特别行政区想市大东王路D座 398623', true);
INSERT INTO cafeterias (cafeteria_id, name, location, is_active) VALUES (8, 'Cafeteria 8', '云南省北镇县吉区太原街s座 170604', true);
INSERT INTO cafeterias (cafeteria_id, name, location, is_active) VALUES (9, 'Cafeteria 9', '江西省龙市六枝特武汉路P座 956943', true);
INSERT INTO cafeterias (cafeteria_id, name, location, is_active) VALUES (10, 'Cafeteria 10', '香港特别行政区大冶市沈河贵阳街H座 781187', true);
INSERT INTO cafeterias (cafeteria_id, name, location, is_active) VALUES (11, 'Cafeteria 11', '西藏自治区东莞市高明昆明街M座 128857', true);
INSERT INTO cafeterias (cafeteria_id, name, location, is_active) VALUES (12, 'Cafeteria 12', '台湾省马鞍山市淄川澳门路w座 794215', true);
INSERT INTO cafeterias (cafeteria_id, name, location, is_active) VALUES (13, 'Cafeteria 13', '宁夏回族自治区辽阳市江北拉萨街R座 798492', true);
INSERT INTO cafeterias (cafeteria_id, name, location, is_active) VALUES (14, 'Cafeteria 14', '海南省丽县沙市沈路A座 703353', true);
INSERT INTO cafeterias (cafeteria_id, name, location, is_active) VALUES (15, 'Cafeteria 15', '青海省建军县城北李街m座 320414', true);
INSERT INTO cafeterias (cafeteria_id, name, location, is_active) VALUES (16, 'Cafeteria 16', '上海市合山县平山张街u座 748768', true);
INSERT INTO cafeterias (cafeteria_id, name, location, is_active) VALUES (17, 'Cafeteria 17', '香港特别行政区梅县华龙罗路B座 718746', true);
INSERT INTO cafeterias (cafeteria_id, name, location, is_active) VALUES (18, 'Cafeteria 18', '辽宁省乌鲁木齐县静安宋路X座 849339', true);
INSERT INTO cafeterias (cafeteria_id, name, location, is_active) VALUES (19, 'Cafeteria 19', '江苏省上海市平山但街G座 807627', true);
INSERT INTO cafeterias (cafeteria_id, name, location, is_active) VALUES (20, 'Cafeteria 20', '贵州省澳门市大兴盛路s座 687807', true);
INSERT INTO merchants (merchant_id, name, is_active) VALUES (1, 'Merchant 1', true);
INSERT INTO merchants (merchant_id, name, is_active) VALUES (2, 'Merchant 2', true);
INSERT INTO merchants (merchant_id, name, is_active) VALUES (3, 'Merchant 3', true);
INSERT INTO merchants (merchant_id, name, is_active) VALUES (4, 'Merchant 4', true);
INSERT INTO merchants (merchant_id, name, is_active) VALUES (5, 'Merchant 5', true);
INSERT INTO merchants (merchant_id, name, is_active) VALUES (6, 'Merchant 6', true);
INSERT INTO merchants (merchant_id, name, is_active) VALUES (7, 'Merchant 7', true);
INSERT INTO merchants (merchant_id, name, is_active) VALUES (8, 'Merchant 8', true);
INSERT INTO merchants (merchant_id, name, is_active) VALUES (9, 'Merchant 9', true);
INSERT INTO merchants (merchant_id, name, is_active) VALUES (10, 'Merchant 10', true);
INSERT INTO merchants (merchant_id, name, is_active) VALUES (11, 'Merchant 11', true);
INSERT INTO merchants (merchant_id, name, is_active) VALUES (12, 'Merchant 12', true);
INSERT INTO merchants (merchant_id, name, is_active) VALUES (13, 'Merchant 13', true);
INSERT INTO merchants (merchant_id, name, is_active) VALUES (14, 'Merchant 14', true);
INSERT INTO merchants (merchant_id, name, is_active) VALUES (15, 'Merchant 15', true);
INSERT INTO merchants (merchant_id, name, is_active) VALUES (16, 'Merchant 16', true);
INSERT INTO merchants (merchant_id, name, is_active) VALUES (17, 'Merchant 17', true);
INSERT INTO merchants (merchant_id, name, is_active) VALUES (18, 'Merchant 18', true);
INSERT INTO merchants (merchant_id, name, is_active) VALUES (19, 'Merchant 19', true);
INSERT INTO merchants (merchant_id, name, is_active) VALUES (20, 'Merchant 20', true);
INSERT INTO contracts (cafeteria_id, merchant_id, start_timestamp, end_timestamp) VALUES (10, 6, now(), now() + interval 1 year);
INSERT INTO contracts (cafeteria_id, merchant_id, start_timestamp, end_timestamp) VALUES (17, 17, now(), now() + interval 1 year);
INSERT INTO contracts (cafeteria_id, merchant_id, start_timestamp, end_timestamp) VALUES (14, 20, now(), now() + interval 1 year);
INSERT INTO contracts (cafeteria_id, merchant_id, start_timestamp, end_timestamp) VALUES (2, 12, now(), now() + interval 1 year);
INSERT INTO contracts (cafeteria_id, merchant_id, start_timestamp, end_timestamp) VALUES (7, 6, now(), now() + interval 1 year);
INSERT INTO contracts (cafeteria_id, merchant_id, start_timestamp, end_timestamp) VALUES (13, 7, now(), now() + interval 1 year);
INSERT INTO contracts (cafeteria_id, merchant_id, start_timestamp, end_timestamp) VALUES (20, 18, now(), now() + interval 1 year);
INSERT INTO contracts (cafeteria_id, merchant_id, start_timestamp, end_timestamp) VALUES (11, 2, now(), now() + interval 1 year);
INSERT INTO contracts (cafeteria_id, merchant_id, start_timestamp, end_timestamp) VALUES (16, 7, now(), now() + interval 1 year);
INSERT INTO contracts (cafeteria_id, merchant_id, start_timestamp, end_timestamp) VALUES (20, 6, now(), now() + interval 1 year);
INSERT INTO contracts (cafeteria_id, merchant_id, start_timestamp, end_timestamp) VALUES (2, 16, now(), now() + interval 1 year);
INSERT INTO contracts (cafeteria_id, merchant_id, start_timestamp, end_timestamp) VALUES (14, 13, now(), now() + interval 1 year);
INSERT INTO contracts (cafeteria_id, merchant_id, start_timestamp, end_timestamp) VALUES (14, 10, now(), now() + interval 1 year);
INSERT INTO contracts (cafeteria_id, merchant_id, start_timestamp, end_timestamp) VALUES (16, 12, now(), now() + interval 1 year);
INSERT INTO contracts (cafeteria_id, merchant_id, start_timestamp, end_timestamp) VALUES (12, 19, now(), now() + interval 1 year);
INSERT INTO contracts (cafeteria_id, merchant_id, start_timestamp, end_timestamp) VALUES (20, 6, now(), now() + interval 1 year);
INSERT INTO contracts (cafeteria_id, merchant_id, start_timestamp, end_timestamp) VALUES (9, 10, now(), now() + interval 1 year);
INSERT INTO contracts (cafeteria_id, merchant_id, start_timestamp, end_timestamp) VALUES (6, 14, now(), now() + interval 1 year);
INSERT INTO contracts (cafeteria_id, merchant_id, start_timestamp, end_timestamp) VALUES (17, 18, now(), now() + interval 1 year);
INSERT INTO contracts (cafeteria_id, merchant_id, start_timestamp, end_timestamp) VALUES (2, 16, now(), now() + interval 1 year);
INSERT INTO discounts (discount_id, name, percentage) VALUES (1, '很多主题有些用户.', '0.98');
INSERT INTO discounts (discount_id, name, percentage) VALUES (2, '选择事情时间系统环境国内之间.', '0.08');
INSERT INTO discounts (discount_id, name, percentage) VALUES (3, '资料公司开发以下一样功能.', '0.23');
INSERT INTO discounts (discount_id, name, percentage) VALUES (4, '你们深圳现在.', '0.14');
INSERT INTO discounts (discount_id, name, percentage) VALUES (5, '通过需要男人内容如此品牌新闻.', '0.16');
INSERT INTO discounts (discount_id, name, percentage) VALUES (6, '音乐发表作者因此系统增加.', '0.61');
INSERT INTO discounts (discount_id, name, percentage) VALUES (7, '最新增加音乐文化加入成为这是.', '0.73');
INSERT INTO discounts (discount_id, name, percentage) VALUES (8, '主要语言发现安全完全这些.', '0.83');
INSERT INTO discounts (discount_id, name, percentage) VALUES (9, '功能系列到了责任空间相关技术.', '0.52');
INSERT INTO discounts (discount_id, name, percentage) VALUES (10, '事情特别个人人员大小如果帖子其实.', '0.70');
INSERT INTO discounts (discount_id, name, percentage) VALUES (11, '她的已经电子时间中心.', '0.71');
INSERT INTO discounts (discount_id, name, percentage) VALUES (12, '增加有些深圳全部系统.', '0.08');
INSERT INTO discounts (discount_id, name, percentage) VALUES (13, '应用这是很多只有一切当然我的因为.', '0.70');
INSERT INTO discounts (discount_id, name, percentage) VALUES (14, '直接资料中心最大更新成为.', '0.42');
INSERT INTO discounts (discount_id, name, percentage) VALUES (15, '目前精华企业美国包括要求目前.', '0.41');
INSERT INTO discounts (discount_id, name, percentage) VALUES (16, '感觉提高网站全国一直社会作为只有.', '0.97');
INSERT INTO discounts (discount_id, name, percentage) VALUES (17, '介绍提高觉得一般无法而且的话作为.', '0.57');
INSERT INTO discounts (discount_id, name, percentage) VALUES (18, '学生因为那么人员不过以下历史所以.', '0.70');
INSERT INTO discounts (discount_id, name, percentage) VALUES (19, '有限事情就是增加生产都是.', '0.09');
INSERT INTO discounts (discount_id, name, percentage) VALUES (20, '这是等级地区看到文化你的解决.', '0.05');
INSERT INTO categories (category_id, name) VALUES (1, 'Category 1');
INSERT INTO categories (category_id, name) VALUES (2, 'Category 2');
INSERT INTO categories (category_id, name) VALUES (3, 'Category 3');
INSERT INTO categories (category_id, name) VALUES (4, 'Category 4');
INSERT INTO categories (category_id, name) VALUES (5, 'Category 5');
INSERT INTO categories (category_id, name) VALUES (6, 'Category 6');
INSERT INTO categories (category_id, name) VALUES (7, 'Category 7');
INSERT INTO categories (category_id, name) VALUES (8, 'Category 8');
INSERT INTO categories (category_id, name) VALUES (9, 'Category 9');
INSERT INTO categories (category_id, name) VALUES (10, 'Category 10');
INSERT INTO categories (category_id, name) VALUES (11, 'Category 11');
INSERT INTO categories (category_id, name) VALUES (12, 'Category 12');
INSERT INTO categories (category_id, name) VALUES (13, 'Category 13');
INSERT INTO categories (category_id, name) VALUES (14, 'Category 14');
INSERT INTO categories (category_id, name) VALUES (15, 'Category 15');
INSERT INTO categories (category_id, name) VALUES (16, 'Category 16');
INSERT INTO categories (category_id, name) VALUES (17, 'Category 17');
INSERT INTO categories (category_id, name) VALUES (18, 'Category 18');
INSERT INTO categories (category_id, name) VALUES (19, 'Category 19');
INSERT INTO categories (category_id, name) VALUES (20, 'Category 20');
INSERT INTO dishes (dish_id, merchant_id, category_id, name, price, ingredients, description) VALUES (1, 4, 9, '有限更新规定参加.', '5.84', '资源法律上海已经网站结果.', '具有国内基本今年位置.');
INSERT INTO dishes (dish_id, merchant_id, category_id, name, price, ingredients, description) VALUES (2, 13, 3, '方面法律积分.', '53.33', '说明他们一切功能.', '两个发展国家结果.');
INSERT INTO dishes (dish_id, merchant_id, category_id, name, price, ingredients, description) VALUES (3, 2, 8, '软件没有过程分析这个一种最新.', '90.73', '位置需要类型而且她的.', '中文这个学生.');
INSERT INTO dishes (dish_id, merchant_id, category_id, name, price, ingredients, description) VALUES (4, 13, 16, '商品国家继续得到成功政府也是.', '7.52', '类型今天日本出现不是实现价格.', '一起包括发表生活帖子.');
INSERT INTO dishes (dish_id, merchant_id, category_id, name, price, ingredients, description) VALUES (5, 7, 18, '欢迎那个威望是一.', '32.59', '地方下载标题技术只要.', '类别是一不同一个类别更新发展.');
INSERT INTO dishes (dish_id, merchant_id, category_id, name, price, ingredients, description) VALUES (6, 5, 9, '控制准备来自组织大学处理成功.', '33.39', '更新图片类别设备有些还是.', '如何主题联系发现.');
INSERT INTO dishes (dish_id, merchant_id, category_id, name, price, ingredients, description) VALUES (7, 1, 2, '回复上海报告.', '33.83', '决定科技记者能够.', '具有加入不断精华.');
INSERT INTO dishes (dish_id, merchant_id, category_id, name, price, ingredients, description) VALUES (8, 4, 19, '自己根据解决东西虽然他的经济出现.', '54.11', '大家为了没有能够登录功能情况.', '管理今年特别.');
INSERT INTO dishes (dish_id, merchant_id, category_id, name, price, ingredients, description) VALUES (9, 19, 11, '一起这样谢谢由于当然解决.', '51.24', '可是发表国内相关中心时候城市.', '公司无法原因设备.');
INSERT INTO dishes (dish_id, merchant_id, category_id, name, price, ingredients, description) VALUES (10, 12, 6, '深圳软件怎么原因.', '73.53', '自己很多最大主要一下不同.', '以上怎么电子信息时间.');
INSERT INTO dishes (dish_id, merchant_id, category_id, name, price, ingredients, description) VALUES (11, 10, 8, '时间留言以下研究技术觉得.', '12.32', '汽车国内地方.', '表示方面推荐电话这样.');
INSERT INTO dishes (dish_id, merchant_id, category_id, name, price, ingredients, description) VALUES (12, 14, 11, '女人一点提供一定进入也是.', '8.17', '成功名称经济没有.', '显示深圳拥有.');
INSERT INTO dishes (dish_id, merchant_id, category_id, name, price, ingredients, description) VALUES (13, 1, 14, '特别不是来自影响.', '90.68', '名称地址评论.', '看到网络正在人民.');
INSERT INTO dishes (dish_id, merchant_id, category_id, name, price, ingredients, description) VALUES (14, 19, 3, '次数新闻时间自己到了只有管理.', '49.42', '看到使用系列上海.', '新闻一个查看一切成功美国.');
INSERT INTO dishes (dish_id, merchant_id, category_id, name, price, ingredients, description) VALUES (15, 9, 20, '地方比较本站是否使用留言方式.', '84.01', '国际注册一直一定.', '男人技术客户发展客户.');
INSERT INTO dishes (dish_id, merchant_id, category_id, name, price, ingredients, description) VALUES (16, 1, 17, '谢谢运行电子发展在线.', '38.28', '重要学习成功大家.', '有些参加进行看到.');
INSERT INTO dishes (dish_id, merchant_id, category_id, name, price, ingredients, description) VALUES (17, 14, 6, '教育通过简介你的拥有.', '64.93', '成为完全孩子合作.', '事情等级积分你们资源历史.');
INSERT INTO dishes (dish_id, merchant_id, category_id, name, price, ingredients, description) VALUES (18, 18, 14, '文化当前是否更新如此一定客户.', '79.26', '完全语言继续客户.', '不是是一发表解决提供工作作为.');
INSERT INTO dishes (dish_id, merchant_id, category_id, name, price, ingredients, description) VALUES (19, 4, 10, '一样支持东西.', '59.78', '推荐因为评论中国程序.', '有些到了如果次数到了等级那个.');
INSERT INTO dishes (dish_id, merchant_id, category_id, name, price, ingredients, description) VALUES (20, 12, 18, '地址处理会员中文.', '70.93', '对于工具她的日本.', '建设客户控制科技程序可能.');
INSERT INTO dish_discounts (dish_id, discount_id, start_timestamp, end_timestamp) VALUES (2, 16, now(), now() + interval 1 month);
INSERT INTO dish_discounts (dish_id, discount_id, start_timestamp, end_timestamp) VALUES (9, 19, now(), now() + interval 1 month);
INSERT INTO dish_discounts (dish_id, discount_id, start_timestamp, end_timestamp) VALUES (19, 2, now(), now() + interval 1 month);
INSERT INTO dish_discounts (dish_id, discount_id, start_timestamp, end_timestamp) VALUES (9, 9, now(), now() + interval 1 month);
INSERT INTO dish_discounts (dish_id, discount_id, start_timestamp, end_timestamp) VALUES (14, 18, now(), now() + interval 1 month);
INSERT INTO dish_discounts (dish_id, discount_id, start_timestamp, end_timestamp) VALUES (7, 16, now(), now() + interval 1 month);
INSERT INTO dish_discounts (dish_id, discount_id, start_timestamp, end_timestamp) VALUES (17, 16, now(), now() + interval 1 month);
INSERT INTO dish_discounts (dish_id, discount_id, start_timestamp, end_timestamp) VALUES (12, 8, now(), now() + interval 1 month);
INSERT INTO dish_discounts (dish_id, discount_id, start_timestamp, end_timestamp) VALUES (3, 15, now(), now() + interval 1 month);
INSERT INTO dish_discounts (dish_id, discount_id, start_timestamp, end_timestamp) VALUES (19, 15, now(), now() + interval 1 month);
INSERT INTO dish_discounts (dish_id, discount_id, start_timestamp, end_timestamp) VALUES (9, 2, now(), now() + interval 1 month);
INSERT INTO dish_discounts (dish_id, discount_id, start_timestamp, end_timestamp) VALUES (3, 4, now(), now() + interval 1 month);
INSERT INTO dish_discounts (dish_id, discount_id, start_timestamp, end_timestamp) VALUES (13, 9, now(), now() + interval 1 month);
INSERT INTO dish_discounts (dish_id, discount_id, start_timestamp, end_timestamp) VALUES (3, 9, now(), now() + interval 1 month);
INSERT INTO dish_discounts (dish_id, discount_id, start_timestamp, end_timestamp) VALUES (6, 11, now(), now() + interval 1 month);
INSERT INTO dish_discounts (dish_id, discount_id, start_timestamp, end_timestamp) VALUES (8, 15, now(), now() + interval 1 month);
INSERT INTO dish_discounts (dish_id, discount_id, start_timestamp, end_timestamp) VALUES (2, 6, now(), now() + interval 1 month);
INSERT INTO dish_discounts (dish_id, discount_id, start_timestamp, end_timestamp) VALUES (9, 6, now(), now() + interval 1 month);
INSERT INTO dish_discounts (dish_id, discount_id, start_timestamp, end_timestamp) VALUES (7, 17, now(), now() + interval 1 month);
INSERT INTO dish_discounts (dish_id, discount_id, start_timestamp, end_timestamp) VALUES (11, 3, now(), now() + interval 1 month);
INSERT INTO orders (order_id, user_id, review_id, address, contact, total_price, status, create_at) VALUES (1, 1007, NULL, '重庆市雪梅县沈北新兰州路D座 868868', '18654596472', '76.74', 'completed', now());
INSERT INTO orders (order_id, user_id, review_id, address, contact, total_price, status, create_at) VALUES (2, 1020, NULL, '广西壮族自治区桂兰市双滦刘路z座 918964', '15299924150', '28.84', 'completed', now());
INSERT INTO orders (order_id, user_id, review_id, address, contact, total_price, status, create_at) VALUES (3, 1015, NULL, '西藏自治区军市萧山王街F座 210522', '18769424995', '8.50', 'completed', now());
INSERT INTO orders (order_id, user_id, review_id, address, contact, total_price, status, create_at) VALUES (4, 1017, NULL, '上海市宜都县高港孙路I座 236611', '18847585348', '47.13', 'completed', now());
INSERT INTO orders (order_id, user_id, review_id, address, contact, total_price, status, create_at) VALUES (5, 1015, NULL, '江苏省飞市花溪曹路N座 886807', '13430331713', '35.13', 'completed', now());
INSERT INTO orders (order_id, user_id, review_id, address, contact, total_price, status, create_at) VALUES (6, 1003, NULL, '重庆市玉华市清浦石家庄路K座 729917', '14599659995', '14.63', 'completed', now());
INSERT INTO orders (order_id, user_id, review_id, address, contact, total_price, status, create_at) VALUES (7, 1013, NULL, '江苏省南昌县金平唐街N座 372450', '13260573745', '12.06', 'completed', now());
INSERT INTO orders (order_id, user_id, review_id, address, contact, total_price, status, create_at) VALUES (8, 1002, NULL, '河北省西宁县新城荆门街K座 682535', '15740950114', '77.27', 'completed', now());
INSERT INTO orders (order_id, user_id, review_id, address, contact, total_price, status, create_at) VALUES (9, 1013, NULL, '山西省凤兰县蓟州赵路y座 475372', '18116710557', '40.35', 'completed', now());
INSERT INTO orders (order_id, user_id, review_id, address, contact, total_price, status, create_at) VALUES (10, 1007, NULL, '台湾省深圳县浔阳合肥路F座 837880', '18761529524', '0.85', 'completed', now());
INSERT INTO orders (order_id, user_id, review_id, address, contact, total_price, status, create_at) VALUES (11, 1005, NULL, '河北省巢湖市南溪香港街L座 788533', '15159684457', '41.39', 'completed', now());
INSERT INTO orders (order_id, user_id, review_id, address, contact, total_price, status, create_at) VALUES (12, 1002, NULL, '新疆维吾尔自治区辽阳县普陀韩路e座 977247', '13111672072', '76.23', 'completed', now());
INSERT INTO orders (order_id, user_id, review_id, address, contact, total_price, status, create_at) VALUES (13, 1010, NULL, '浙江省兵市高港梁路Z座 394164', '13634337925', '62.00', 'completed', now());
INSERT INTO orders (order_id, user_id, review_id, address, contact, total_price, status, create_at) VALUES (14, 1011, NULL, '浙江省沈阳市沙湾李路r座 121144', '18670972343', '97.03', 'completed', now());
INSERT INTO orders (order_id, user_id, review_id, address, contact, total_price, status, create_at) VALUES (15, 1009, NULL, '湖南省海口县清城马路V座 204284', '14527245044', '44.77', 'completed', now());
INSERT INTO orders (order_id, user_id, review_id, address, contact, total_price, status, create_at) VALUES (16, 1018, NULL, '河北省西宁市高坪通辽路H座 999055', '14722329536', '89.41', 'completed', now());
INSERT INTO orders (order_id, user_id, review_id, address, contact, total_price, status, create_at) VALUES (17, 1008, NULL, '河北省昆明市清浦南京路C座 314519', '14727404865', '64.83', 'completed', now());
INSERT INTO orders (order_id, user_id, review_id, address, contact, total_price, status, create_at) VALUES (18, 1005, NULL, '新疆维吾尔自治区广州县淄川兴城路f座 603025', '18033470515', '26.05', 'completed', now());
INSERT INTO orders (order_id, user_id, review_id, address, contact, total_price, status, create_at) VALUES (19, 1015, NULL, '湖北省兰英市萧山陈街v座 791561', '18079039086', '59.89', 'completed', now());
INSERT INTO orders (order_id, user_id, review_id, address, contact, total_price, status, create_at) VALUES (20, 1020, NULL, '河南省楠市花溪广州路Q座 196699', '13764783284', '0.79', 'completed', now());
INSERT INTO order_items (dish_id, order_id, quantity) VALUES (13, 16, '6');
INSERT INTO order_items (dish_id, order_id, quantity) VALUES (12, 8, '8');
INSERT INTO order_items (dish_id, order_id, quantity) VALUES (5, 11, '2');
INSERT INTO order_items (dish_id, order_id, quantity) VALUES (19, 19, '5');
INSERT INTO order_items (dish_id, order_id, quantity) VALUES (8, 12, '9');
INSERT INTO order_items (dish_id, order_id, quantity) VALUES (2, 18, '8');
INSERT INTO order_items (dish_id, order_id, quantity) VALUES (7, 1, '6');
INSERT INTO order_items (dish_id, order_id, quantity) VALUES (5, 14, '4');
INSERT INTO order_items (dish_id, order_id, quantity) VALUES (2, 17, '8');
INSERT INTO order_items (dish_id, order_id, quantity) VALUES (14, 11, '3');
INSERT INTO order_items (dish_id, order_id, quantity) VALUES (11, 1, '6');
INSERT INTO order_items (dish_id, order_id, quantity) VALUES (20, 1, '4');
INSERT INTO order_items (dish_id, order_id, quantity) VALUES (13, 10, '4');
INSERT INTO order_items (dish_id, order_id, quantity) VALUES (8, 13, '8');
INSERT INTO order_items (dish_id, order_id, quantity) VALUES (4, 7, '9');
INSERT INTO order_items (dish_id, order_id, quantity) VALUES (17, 10, '1');
INSERT INTO order_items (dish_id, order_id, quantity) VALUES (10, 17, '2');
INSERT INTO order_items (dish_id, order_id, quantity) VALUES (12, 17, '8');
INSERT INTO order_items (dish_id, order_id, quantity) VALUES (5, 15, '10');
INSERT INTO order_items (dish_id, order_id, quantity) VALUES (5, 10, '6');
INSERT INTO reviews (review_id, user_id, rating, comment, create_at) VALUES (1, 1014, '5', '这里控制作品关系.', now());
INSERT INTO reviews (review_id, user_id, rating, comment, create_at) VALUES (2, 1005, '4', '由于因为美国还有之后文化客户也是.', now());
INSERT INTO reviews (review_id, user_id, rating, comment, create_at) VALUES (3, 1004, '2', '学习只有质量系列.', now());
INSERT INTO reviews (review_id, user_id, rating, comment, create_at) VALUES (4, 1008, '3', '服务一些资料之后东西.', now());
INSERT INTO reviews (review_id, user_id, rating, comment, create_at) VALUES (5, 1004, '2', '我的会员责任这么全国简介.', now());
INSERT INTO reviews (review_id, user_id, rating, comment, create_at) VALUES (6, 1006, '1', '搜索特别最新关系新闻控制朋友.', now());
INSERT INTO reviews (review_id, user_id, rating, comment, create_at) VALUES (7, 1010, '5', '经验要求控制到了发展资料她的.', now());
INSERT INTO reviews (review_id, user_id, rating, comment, create_at) VALUES (8, 1014, '5', '可能一直文章的人中国起来.', now());
INSERT INTO reviews (review_id, user_id, rating, comment, create_at) VALUES (9, 1013, '5', '服务虽然全国次数.', now());
INSERT INTO reviews (review_id, user_id, rating, comment, create_at) VALUES (10, 1007, '3', '欢迎之后发现城市大学他们怎么.', now());
INSERT INTO reviews (review_id, user_id, rating, comment, create_at) VALUES (11, 1011, '1', '历史音乐以下.', now());
INSERT INTO reviews (review_id, user_id, rating, comment, create_at) VALUES (12, 1017, '5', '不会有些上海一样社区时间的话.', now());
INSERT INTO reviews (review_id, user_id, rating, comment, create_at) VALUES (13, 1016, '3', '人民深圳活动价格法律同时分析.', now());
INSERT INTO reviews (review_id, user_id, rating, comment, create_at) VALUES (14, 1006, '4', '情况以下以后发表根据主要.', now());
INSERT INTO reviews (review_id, user_id, rating, comment, create_at) VALUES (15, 1005, '1', '情况新闻关系简介提高这里学校你们.', now());
INSERT INTO reviews (review_id, user_id, rating, comment, create_at) VALUES (16, 1009, '5', '有些国家的是东西他的要求支持.', now());
INSERT INTO reviews (review_id, user_id, rating, comment, create_at) VALUES (17, 1010, '4', '开发为什如何如果朋友.', now());
INSERT INTO reviews (review_id, user_id, rating, comment, create_at) VALUES (18, 1006, '2', '人民网络而且然后网上音乐非常发展.', now());
INSERT INTO reviews (review_id, user_id, rating, comment, create_at) VALUES (19, 1009, '2', '责任只是不是公司.', now());
INSERT INTO reviews (review_id, user_id, rating, comment, create_at) VALUES (20, 1015, '1', '主要方面最后免费或者系统主题.', now());
INSERT INTO merchant_users (merchant_id, user_id, update_time, job_title, company) VALUES (12, 1009, now(), 'merchant', 'company1');
INSERT INTO merchant_users (merchant_id, user_id, update_time, job_title, company) VALUES (13, 1003, now(), 'merchant', 'company2');
INSERT INTO merchant_users (merchant_id, user_id, update_time, job_title, company) VALUES (18, 1001, now(), 'contractor', 'company1');
INSERT INTO merchant_users (merchant_id, user_id, update_time, job_title, company) VALUES (10, 1018, now(), 'merchant', 'company2');
INSERT INTO merchant_users (merchant_id, user_id, update_time, job_title, company) VALUES (10, 1013, now(), 'merchant', 'company3');
INSERT INTO merchant_users (merchant_id, user_id, update_time, job_title, company) VALUES (20, 1002, now(), 'manager', 'company1');
INSERT INTO merchant_users (merchant_id, user_id, update_time, job_title, company) VALUES (20, 1011, now(), 'manager', 'company3');
INSERT INTO merchant_users (merchant_id, user_id, update_time, job_title, company) VALUES (13, 1012, now(), 'contractor', 'company3');
INSERT INTO merchant_users (merchant_id, user_id, update_time, job_title, company) VALUES (19, 1016, now(), 'contractor', 'company1');
INSERT INTO merchant_users (merchant_id, user_id, update_time, job_title, company) VALUES (3, 1011, now(), 'merchant', 'company2');
INSERT INTO merchant_users (merchant_id, user_id, update_time, job_title, company) VALUES (7, 1004, now(), 'merchant', 'company1');
INSERT INTO merchant_users (merchant_id, user_id, update_time, job_title, company) VALUES (15, 1016, now(), 'manager', 'company2');
INSERT INTO merchant_users (merchant_id, user_id, update_time, job_title, company) VALUES (20, 1019, now(), 'merchant', 'company3');
INSERT INTO merchant_users (merchant_id, user_id, update_time, job_title, company) VALUES (14, 1001, now(), 'contractor', 'company2');
INSERT INTO merchant_users (merchant_id, user_id, update_time, job_title, company) VALUES (4, 1010, now(), 'merchant', 'company1');
INSERT INTO merchant_users (merchant_id, user_id, update_time, job_title, company) VALUES (8, 1007, now(), 'contractor', 'company1');
INSERT INTO merchant_users (merchant_id, user_id, update_time, job_title, company) VALUES (16, 1008, now(), 'merchant', 'company2');
INSERT INTO merchant_users (merchant_id, user_id, update_time, job_title, company) VALUES (19, 1015, now(), 'merchant', 'company1');
INSERT INTO merchant_users (merchant_id, user_id, update_time, job_title, company) VALUES (19, 1019, now(), 'merchant', 'company1');
INSERT INTO merchant_users (merchant_id, user_id, update_time, job_title, company) VALUES (20, 1015, now(), 'merchant', 'company1');
UPDATE orders SET review_id = 1 WHERE order_id = 13;
UPDATE orders SET review_id = 2 WHERE order_id = 12;
UPDATE orders SET review_id = 3 WHERE order_id = 14;
UPDATE orders SET review_id = 4 WHERE order_id = 14;
UPDATE orders SET review_id = 5 WHERE order_id = 10;
UPDATE orders SET review_id = 6 WHERE order_id = 9;
UPDATE orders SET review_id = 7 WHERE order_id = 6;
UPDATE orders SET review_id = 8 WHERE order_id = 20;
UPDATE orders SET review_id = 9 WHERE order_id = 4;
UPDATE orders SET review_id = 10 WHERE order_id = 15;
UPDATE orders SET review_id = 11 WHERE order_id = 17;
UPDATE orders SET review_id = 12 WHERE order_id = 7;
UPDATE orders SET review_id = 13 WHERE order_id = 19;
UPDATE orders SET review_id = 14 WHERE order_id = 13;
UPDATE orders SET review_id = 15 WHERE order_id = 7;
UPDATE orders SET review_id = 16 WHERE order_id = 2;
UPDATE orders SET review_id = 17 WHERE order_id = 1;
UPDATE orders SET review_id = 18 WHERE order_id = 11;
UPDATE orders SET review_id = 19 WHERE order_id = 11;
UPDATE orders SET review_id = 20 WHERE order_id = 20;
UPDATE users SET password = (SELECT sha2(password, 256)) WHERE user_id = 1001;
UPDATE users SET password = (SELECT sha2(password, 256)) WHERE user_id = 1002;
UPDATE users SET password = (SELECT sha2(password, 256)) WHERE user_id = 1003;
UPDATE users SET password = (SELECT sha2(password, 256)) WHERE user_id = 1004;
UPDATE users SET password = (SELECT sha2(password, 256)) WHERE user_id = 1005;
UPDATE users SET password = (SELECT sha2(password, 256)) WHERE user_id = 1006;
UPDATE users SET password = (SELECT sha2(password, 256)) WHERE user_id = 1007;
UPDATE users SET password = (SELECT sha2(password, 256)) WHERE user_id = 1008;
UPDATE users SET password = (SELECT sha2(password, 256)) WHERE user_id = 1009;
UPDATE users SET password = (SELECT sha2(password, 256)) WHERE user_id = 1010;
UPDATE users SET password = (SELECT sha2(password, 256)) WHERE user_id = 1011;
UPDATE users SET password = (SELECT sha2(password, 256)) WHERE user_id = 1012;
UPDATE users SET password = (SELECT sha2(password, 256)) WHERE user_id = 1013;
UPDATE users SET password = (SELECT sha2(password, 256)) WHERE user_id = 1014;
UPDATE users SET password = (SELECT sha2(password, 256)) WHERE user_id = 1015;
UPDATE users SET password = (SELECT sha2(password, 256)) WHERE user_id = 1016;
UPDATE users SET password = (SELECT sha2(password, 256)) WHERE user_id = 1017;
UPDATE users SET password = (SELECT sha2(password, 256)) WHERE user_id = 1018;
UPDATE users SET password = (SELECT sha2(password, 256)) WHERE user_id = 1019;
UPDATE users SET password = (SELECT sha2(password, 256)) WHERE user_id = 1020;
