INSERT INTO users (user_id, username, firstname, lastname, id_number, phone, password, address, email, is_active, salt, create_at) VALUES (1001, 'cuiguiying', '丹', '杨', NULL, '13016345269', '9e3&j6Ssoo', '青海省淑兰县静安李街Y座 685067', 'guiyingxue@example.net', true, '00000000000000000000000000000000', now());
INSERT INTO users (user_id, username, firstname, lastname, id_number, phone, password, address, email, is_active, salt, create_at) VALUES (1002, 'xiuying19', '桂香', '王', NULL, '18537710741', '!v5WsudXi)', '海南省建军县锡山舒街E座 982500', 'pangang@example.com', true, '00000000000000000000000000000000', now());
INSERT INTO users (user_id, username, firstname, lastname, id_number, phone, password, address, email, is_active, salt, create_at) VALUES (1003, 'leiyan', '勇', '王', NULL, '18961323044', '+r22Ytwh+$', '重庆市齐齐哈尔市怀柔钟街l座 287753', 'vfang@example.com', true, '00000000000000000000000000000000', now());
INSERT INTO users (user_id, username, firstname, lastname, id_number, phone, password, address, email, is_active, salt, create_at) VALUES (1004, 'zhengjuan', '涛', '黄', NULL, '14545687329', '&**5@3JyW@', '广东省婷县门头沟张家港路X座 465743', 'gang96@example.net', true, '00000000000000000000000000000000', now());
INSERT INTO users (user_id, username, firstname, lastname, id_number, phone, password, address, email, is_active, salt, create_at) VALUES (1005, 'pren', '畅', '王', NULL, '13500682938', '9v)7WgHog_', '陕西省潮州市海港荆门街k座 271672', 'jun95@example.org', true, '00000000000000000000000000000000', now());
INSERT INTO users (user_id, username, firstname, lastname, id_number, phone, password, address, email, is_active, salt, create_at) VALUES (1006, 'minfan', '磊', '刘', NULL, '13424154025', '1y#jGNdm&J', '江苏省桂英市萧山翟街l座 764200', 'wei80@example.com', true, '00000000000000000000000000000000', now());
INSERT INTO users (user_id, username, firstname, lastname, id_number, phone, password, address, email, is_active, salt, create_at) VALUES (1007, 'mfeng', '坤', '李', NULL, '13983903477', 'cfs2K$ag(^', '湖北省亮市江北骆路T座 254425', 'ydu@example.com', true, '00000000000000000000000000000000', now());
INSERT INTO users (user_id, username, firstname, lastname, id_number, phone, password, address, email, is_active, salt, create_at) VALUES (1008, 'ping01', '明', '张', NULL, '15873127598', 'yr_5KixT+h', '北京市博市静安李路M座 913847', 'fengmin@example.net', true, '00000000000000000000000000000000', now());
INSERT INTO users (user_id, username, firstname, lastname, id_number, phone, password, address, email, is_active, salt, create_at) VALUES (1009, 'shichao', '雪', '洪', NULL, '13456498700', '2cFJ*gdp(e', '河北省静县牧野大冶路t座 869868', 'bzhu@example.com', true, '00000000000000000000000000000000', now());
INSERT INTO users (user_id, username, firstname, lastname, id_number, phone, password, address, email, is_active, salt, create_at) VALUES (1010, 'xlong', '琳', '张', NULL, '18920367507', 'a0yM0qGr#m', '广西壮族自治区秀梅市合川六安路v座 882573', 'yufang@example.org', true, '00000000000000000000000000000000', now());
INSERT INTO users (user_id, username, firstname, lastname, id_number, phone, password, address, email, is_active, salt, create_at) VALUES (1011, 'xia34', '志强', '梁', NULL, '14785261631', '(zc1Gms&IU', '重庆市丽市房山合山路X座 942427', 'mingzeng@example.com', true, '00000000000000000000000000000000', now());
INSERT INTO users (user_id, username, firstname, lastname, id_number, phone, password, address, email, is_active, salt, create_at) VALUES (1012, 'jie61', '桂花', '王', NULL, '15740004822', '_I_K9Ruva$', '广东省淑华市花溪淮安街i座 458013', 'xiulanliao@example.org', true, '00000000000000000000000000000000', now());
INSERT INTO users (user_id, username, firstname, lastname, id_number, phone, password, address, email, is_active, salt, create_at) VALUES (1013, 'weima', '健', '王', NULL, '15798020132', '5%5q97Gr&U', '甘肃省红梅市新城重庆路U座 888890', 'xiulan04@example.com', true, '00000000000000000000000000000000', now());
INSERT INTO users (user_id, username, firstname, lastname, id_number, phone, password, address, email, is_active, salt, create_at) VALUES (1014, 'qinxia', '丽', '王', NULL, '18884949723', 'ri3Jgvr5Y$', '新疆维吾尔自治区丹市浔阳贾街u座 625111', 'kchang@example.net', true, '00000000000000000000000000000000', now());
INSERT INTO users (user_id, username, firstname, lastname, id_number, phone, password, address, email, is_active, salt, create_at) VALUES (1015, 'xzhu', '彬', '陈', NULL, '13124816250', 'VnLE#l%c)5', '黑龙江省齐齐哈尔市魏都任街Z座 645626', 'juanfang@example.com', true, '00000000000000000000000000000000', now());
INSERT INTO users (user_id, username, firstname, lastname, id_number, phone, password, address, email, is_active, salt, create_at) VALUES (1016, 'xiangping', '秀云', '赵', NULL, '13528191604', ')&53lElcM0', '天津市丽县山亭宜都街T座 404959', 'wzhao@example.com', true, '00000000000000000000000000000000', now());
INSERT INTO users (user_id, username, firstname, lastname, id_number, phone, password, address, email, is_active, salt, create_at) VALUES (1017, 'taoqian', '欢', '张', NULL, '14771678563', 'sXQ2Ti%J)x', '河北省银川县东城沈阳街e座 416501', 'xiulanshi@example.org', true, '00000000000000000000000000000000', now());
INSERT INTO users (user_id, username, firstname, lastname, id_number, phone, password, address, email, is_active, salt, create_at) VALUES (1018, 'dongchao', '斌', '张', NULL, '14500088618', '$oQ+eBakg7', '湖北省琳县徐汇呼和浩特街d座 406968', 'twei@example.net', true, '00000000000000000000000000000000', now());
INSERT INTO users (user_id, username, firstname, lastname, id_number, phone, password, address, email, is_active, salt, create_at) VALUES (1019, 'yang53', '玉兰', '曹', NULL, '18156408297', 'NcA+7R2jc3', '云南省雷市牧野柳州街A座 322468', 'wei67@example.net', true, '00000000000000000000000000000000', now());
INSERT INTO users (user_id, username, firstname, lastname, id_number, phone, password, address, email, is_active, salt, create_at) VALUES (1020, 'slin', '红', '翟', NULL, '15296962438', 'rEs83^Emp+', '广西壮族自治区柳州县六枝特马路C座 492122', 'guogang@example.net', true, '00000000000000000000000000000000', now());
INSERT INTO roles (role_id, name) VALUES (1, 'admin');
INSERT INTO roles (role_id, name) VALUES (2, 'staff');
INSERT INTO roles (role_id, name) VALUES (3, 'default');
INSERT INTO roles (role_id, name) VALUES (4, 'customer');
INSERT INTO roles (role_id, name) VALUES (5, 'customer');
INSERT INTO roles (role_id, name) VALUES (6, 'customer');
INSERT INTO roles (role_id, name) VALUES (7, 'customer');
INSERT INTO roles (role_id, name) VALUES (8, 'customer');
INSERT INTO roles (role_id, name) VALUES (9, 'customer');
INSERT INTO roles (role_id, name) VALUES (10, 'customer');
INSERT INTO roles (role_id, name) VALUES (11, 'customer');
INSERT INTO roles (role_id, name) VALUES (12, 'customer');
INSERT INTO roles (role_id, name) VALUES (13, 'customer');
INSERT INTO roles (role_id, name) VALUES (14, 'customer');
INSERT INTO roles (role_id, name) VALUES (15, 'customer');
INSERT INTO roles (role_id, name) VALUES (16, 'customer');
INSERT INTO roles (role_id, name) VALUES (17, 'customer');
INSERT INTO roles (role_id, name) VALUES (18, 'customer');
INSERT INTO roles (role_id, name) VALUES (19, 'customer');
INSERT INTO roles (role_id, name) VALUES (20, 'customer');
INSERT INTO user_roles (role_id, user_id, grant_date) VALUES (1, 1020, now());
INSERT INTO user_roles (role_id, user_id, grant_date) VALUES (4, 1004, now());
INSERT INTO user_roles (role_id, user_id, grant_date) VALUES (5, 1007, now());
INSERT INTO user_roles (role_id, user_id, grant_date) VALUES (7, 1008, now());
INSERT INTO user_roles (role_id, user_id, grant_date) VALUES (18, 1011, now());
INSERT INTO user_roles (role_id, user_id, grant_date) VALUES (4, 1015, now());
INSERT INTO user_roles (role_id, user_id, grant_date) VALUES (8, 1017, now());
INSERT INTO user_roles (role_id, user_id, grant_date) VALUES (18, 1004, now());
INSERT INTO user_roles (role_id, user_id, grant_date) VALUES (9, 1002, now());
INSERT INTO user_roles (role_id, user_id, grant_date) VALUES (11, 1009, now());
INSERT INTO user_roles (role_id, user_id, grant_date) VALUES (9, 1009, now());
INSERT INTO user_roles (role_id, user_id, grant_date) VALUES (18, 1008, now());
INSERT INTO user_roles (role_id, user_id, grant_date) VALUES (15, 1005, now());
INSERT INTO user_roles (role_id, user_id, grant_date) VALUES (3, 1006, now());
INSERT INTO user_roles (role_id, user_id, grant_date) VALUES (3, 1011, now());
INSERT INTO user_roles (role_id, user_id, grant_date) VALUES (16, 1009, now());
INSERT INTO user_roles (role_id, user_id, grant_date) VALUES (8, 1016, now());
INSERT INTO user_roles (role_id, user_id, grant_date) VALUES (1, 1003, now());
INSERT INTO user_roles (role_id, user_id, grant_date) VALUES (5, 1011, now());
INSERT INTO user_roles (role_id, user_id, grant_date) VALUES (17, 1006, now());
INSERT INTO cafeterias (cafeteria_id, name, location, is_active) VALUES (1, 'Cafeteria [0]', '河北省海燕县西夏王路L座 603819', true);
INSERT INTO cafeterias (cafeteria_id, name, location, is_active) VALUES (2, 'Cafeteria [0]', '海南省广州县永川福州街U座 948954', true);
INSERT INTO cafeterias (cafeteria_id, name, location, is_active) VALUES (3, 'Cafeteria [0]', '天津市超县魏都王路d座 202588', true);
INSERT INTO cafeterias (cafeteria_id, name, location, is_active) VALUES (4, 'Cafeteria [0]', '北京市秀珍县龙潭洪路y座 340514', true);
INSERT INTO cafeterias (cafeteria_id, name, location, is_active) VALUES (5, 'Cafeteria [0]', '黑龙江省银川县房山天津街D座 282773', true);
INSERT INTO cafeterias (cafeteria_id, name, location, is_active) VALUES (6, 'Cafeteria [0]', '香港特别行政区桂珍县上街柳州路S座 489074', true);
INSERT INTO cafeterias (cafeteria_id, name, location, is_active) VALUES (7, 'Cafeteria [0]', '浙江省梧州县南湖卢街l座 490819', true);
INSERT INTO cafeterias (cafeteria_id, name, location, is_active) VALUES (8, 'Cafeteria [0]', '台湾省太原县兴山汕尾街m座 220802', true);
INSERT INTO cafeterias (cafeteria_id, name, location, is_active) VALUES (9, 'Cafeteria [0]', '江苏省重庆县西夏北京街m座 609707', true);
INSERT INTO cafeterias (cafeteria_id, name, location, is_active) VALUES (10, 'Cafeteria [0]', '辽宁省太原县江北赵街u座 905938', true);
INSERT INTO cafeterias (cafeteria_id, name, location, is_active) VALUES (11, 'Cafeteria [0]', '上海市六盘水市翔安深圳路O座 320168', true);
INSERT INTO cafeterias (cafeteria_id, name, location, is_active) VALUES (12, 'Cafeteria [0]', '新疆维吾尔自治区深圳县山亭梧州街Q座 804899', true);
INSERT INTO cafeterias (cafeteria_id, name, location, is_active) VALUES (13, 'Cafeteria [0]', '澳门特别行政区西安县华龙西安路E座 871827', true);
INSERT INTO cafeterias (cafeteria_id, name, location, is_active) VALUES (14, 'Cafeteria [0]', '浙江省晶县普陀李街a座 135364', true);
INSERT INTO cafeterias (cafeteria_id, name, location, is_active) VALUES (15, 'Cafeteria [0]', '新疆维吾尔自治区桂珍县沈北新辛集街S座 292300', true);
INSERT INTO cafeterias (cafeteria_id, name, location, is_active) VALUES (16, 'Cafeteria [0]', '四川省深圳市永川济南路w座 652771', true);
INSERT INTO cafeterias (cafeteria_id, name, location, is_active) VALUES (17, 'Cafeteria [0]', '江苏省晨县城北赵路A座 448352', true);
INSERT INTO cafeterias (cafeteria_id, name, location, is_active) VALUES (18, 'Cafeteria [0]', '陕西省台北县兴山佛山街T座 373045', true);
INSERT INTO cafeterias (cafeteria_id, name, location, is_active) VALUES (19, 'Cafeteria [0]', '海南省玉华县永川李路O座 164657', true);
INSERT INTO cafeterias (cafeteria_id, name, location, is_active) VALUES (20, 'Cafeteria [0]', '广东省建军市南溪吴路P座 239387', true);
INSERT INTO merchants (merchant_id, name, is_active) VALUES (1, 'Merchant [1]', true);
INSERT INTO merchants (merchant_id, name, is_active) VALUES (2, 'Merchant [2]', true);
INSERT INTO merchants (merchant_id, name, is_active) VALUES (3, 'Merchant [3]', true);
INSERT INTO merchants (merchant_id, name, is_active) VALUES (4, 'Merchant [4]', true);
INSERT INTO merchants (merchant_id, name, is_active) VALUES (5, 'Merchant [5]', true);
INSERT INTO merchants (merchant_id, name, is_active) VALUES (6, 'Merchant [6]', true);
INSERT INTO merchants (merchant_id, name, is_active) VALUES (7, 'Merchant [7]', true);
INSERT INTO merchants (merchant_id, name, is_active) VALUES (8, 'Merchant [8]', true);
INSERT INTO merchants (merchant_id, name, is_active) VALUES (9, 'Merchant [9]', true);
INSERT INTO merchants (merchant_id, name, is_active) VALUES (10, 'Merchant [10]', true);
INSERT INTO merchants (merchant_id, name, is_active) VALUES (11, 'Merchant [11]', true);
INSERT INTO merchants (merchant_id, name, is_active) VALUES (12, 'Merchant [12]', true);
INSERT INTO merchants (merchant_id, name, is_active) VALUES (13, 'Merchant [13]', true);
INSERT INTO merchants (merchant_id, name, is_active) VALUES (14, 'Merchant [14]', true);
INSERT INTO merchants (merchant_id, name, is_active) VALUES (15, 'Merchant [15]', true);
INSERT INTO merchants (merchant_id, name, is_active) VALUES (16, 'Merchant [16]', true);
INSERT INTO merchants (merchant_id, name, is_active) VALUES (17, 'Merchant [17]', true);
INSERT INTO merchants (merchant_id, name, is_active) VALUES (18, 'Merchant [18]', true);
INSERT INTO merchants (merchant_id, name, is_active) VALUES (19, 'Merchant [19]', true);
INSERT INTO merchants (merchant_id, name, is_active) VALUES (20, 'Merchant [20]', true);
INSERT INTO contracts (cafeteria_id, merchant_id, start_timestamp, end_timestamp) VALUES (12, 8, now(), now() + interval 1 year);
INSERT INTO contracts (cafeteria_id, merchant_id, start_timestamp, end_timestamp) VALUES (15, 12, now(), now() + interval 1 year);
INSERT INTO contracts (cafeteria_id, merchant_id, start_timestamp, end_timestamp) VALUES (9, 6, now(), now() + interval 1 year);
INSERT INTO contracts (cafeteria_id, merchant_id, start_timestamp, end_timestamp) VALUES (13, 16, now(), now() + interval 1 year);
INSERT INTO contracts (cafeteria_id, merchant_id, start_timestamp, end_timestamp) VALUES (10, 5, now(), now() + interval 1 year);
INSERT INTO contracts (cafeteria_id, merchant_id, start_timestamp, end_timestamp) VALUES (5, 12, now(), now() + interval 1 year);
INSERT INTO contracts (cafeteria_id, merchant_id, start_timestamp, end_timestamp) VALUES (1, 9, now(), now() + interval 1 year);
INSERT INTO contracts (cafeteria_id, merchant_id, start_timestamp, end_timestamp) VALUES (19, 1, now(), now() + interval 1 year);
INSERT INTO contracts (cafeteria_id, merchant_id, start_timestamp, end_timestamp) VALUES (1, 10, now(), now() + interval 1 year);
INSERT INTO contracts (cafeteria_id, merchant_id, start_timestamp, end_timestamp) VALUES (3, 16, now(), now() + interval 1 year);
INSERT INTO contracts (cafeteria_id, merchant_id, start_timestamp, end_timestamp) VALUES (5, 4, now(), now() + interval 1 year);
INSERT INTO contracts (cafeteria_id, merchant_id, start_timestamp, end_timestamp) VALUES (9, 15, now(), now() + interval 1 year);
INSERT INTO contracts (cafeteria_id, merchant_id, start_timestamp, end_timestamp) VALUES (2, 11, now(), now() + interval 1 year);
INSERT INTO contracts (cafeteria_id, merchant_id, start_timestamp, end_timestamp) VALUES (17, 5, now(), now() + interval 1 year);
INSERT INTO contracts (cafeteria_id, merchant_id, start_timestamp, end_timestamp) VALUES (1, 11, now(), now() + interval 1 year);
INSERT INTO contracts (cafeteria_id, merchant_id, start_timestamp, end_timestamp) VALUES (14, 4, now(), now() + interval 1 year);
INSERT INTO contracts (cafeteria_id, merchant_id, start_timestamp, end_timestamp) VALUES (5, 20, now(), now() + interval 1 year);
INSERT INTO contracts (cafeteria_id, merchant_id, start_timestamp, end_timestamp) VALUES (12, 8, now(), now() + interval 1 year);
INSERT INTO contracts (cafeteria_id, merchant_id, start_timestamp, end_timestamp) VALUES (20, 16, now(), now() + interval 1 year);
INSERT INTO contracts (cafeteria_id, merchant_id, start_timestamp, end_timestamp) VALUES (20, 16, now(), now() + interval 1 year);
INSERT INTO discounts (discount_id, name, percentage) VALUES (1, '今年谢谢孩子免费.', '0.09');
INSERT INTO discounts (discount_id, name, percentage) VALUES (2, '到了开发原因直接来源报告.', '0.39');
INSERT INTO discounts (discount_id, name, percentage) VALUES (3, '次数可是您的到了建设技术.', '0.50');
INSERT INTO discounts (discount_id, name, percentage) VALUES (4, '完全说明当前系统控制免费最大.', '0.09');
INSERT INTO discounts (discount_id, name, percentage) VALUES (5, '以上经济注意.', '0.80');
INSERT INTO discounts (discount_id, name, percentage) VALUES (6, '是否显示信息能力成功感觉有关男人.', '0.12');
INSERT INTO discounts (discount_id, name, percentage) VALUES (7, '数据服务支持次数.', '0.99');
INSERT INTO discounts (discount_id, name, percentage) VALUES (8, '制作准备免费没有影响.', '0.12');
INSERT INTO discounts (discount_id, name, percentage) VALUES (9, '位置科技类别以及成功.', '0.39');
INSERT INTO discounts (discount_id, name, percentage) VALUES (10, '没有专业资源其实帮助.', '0.17');
INSERT INTO discounts (discount_id, name, percentage) VALUES (11, '名称服务非常关系美国方法.', '0.32');
INSERT INTO discounts (discount_id, name, percentage) VALUES (12, '主题名称一定孩子应该.', '0.53');
INSERT INTO discounts (discount_id, name, percentage) VALUES (13, '最新制作网上注意.', '0.00');
INSERT INTO discounts (discount_id, name, percentage) VALUES (14, '现在注册地址系统支持一个分析.', '0.18');
INSERT INTO discounts (discount_id, name, percentage) VALUES (15, '经营注意电话我的数据是一.', '0.97');
INSERT INTO discounts (discount_id, name, percentage) VALUES (16, '比较解决最新以下这里学习因此.', '0.59');
INSERT INTO discounts (discount_id, name, percentage) VALUES (17, '那些在线正在人民不能国际方式.', '0.76');
INSERT INTO discounts (discount_id, name, percentage) VALUES (18, '东西如此系统.', '0.26');
INSERT INTO discounts (discount_id, name, percentage) VALUES (19, '认为图片到了.', '0.15');
INSERT INTO discounts (discount_id, name, percentage) VALUES (20, '联系自己为什因为完成.', '0.17');
INSERT INTO categories (category_id, name) VALUES (1, 'Category [1]');
INSERT INTO categories (category_id, name) VALUES (2, 'Category [2]');
INSERT INTO categories (category_id, name) VALUES (3, 'Category [3]');
INSERT INTO categories (category_id, name) VALUES (4, 'Category [4]');
INSERT INTO categories (category_id, name) VALUES (5, 'Category [5]');
INSERT INTO categories (category_id, name) VALUES (6, 'Category [6]');
INSERT INTO categories (category_id, name) VALUES (7, 'Category [7]');
INSERT INTO categories (category_id, name) VALUES (8, 'Category [8]');
INSERT INTO categories (category_id, name) VALUES (9, 'Category [9]');
INSERT INTO categories (category_id, name) VALUES (10, 'Category [10]');
INSERT INTO categories (category_id, name) VALUES (11, 'Category [11]');
INSERT INTO categories (category_id, name) VALUES (12, 'Category [12]');
INSERT INTO categories (category_id, name) VALUES (13, 'Category [13]');
INSERT INTO categories (category_id, name) VALUES (14, 'Category [14]');
INSERT INTO categories (category_id, name) VALUES (15, 'Category [15]');
INSERT INTO categories (category_id, name) VALUES (16, 'Category [16]');
INSERT INTO categories (category_id, name) VALUES (17, 'Category [17]');
INSERT INTO categories (category_id, name) VALUES (18, 'Category [18]');
INSERT INTO categories (category_id, name) VALUES (19, 'Category [19]');
INSERT INTO categories (category_id, name) VALUES (20, 'Category [20]');
INSERT INTO dishes (dish_id, merchant_id, category_id, name, price, ingredients, description) VALUES (1, 10, 19, '喜欢你的问题程序.', '57.31', '地区参加等级控制那些重要.', '法律一切今天合作得到.');
INSERT INTO dishes (dish_id, merchant_id, category_id, name, price, ingredients, description) VALUES (2, 16, 19, '进入直接已经.', '16.39', '到了位置我的感觉那个结果报告.', '各种学校评论准备回复回复.');
INSERT INTO dishes (dish_id, merchant_id, category_id, name, price, ingredients, description) VALUES (3, 16, 6, '工程需要决定这样点击其中包括.', '32.26', '通过准备应用.', '详细图片两个地方更新是否积分.');
INSERT INTO dishes (dish_id, merchant_id, category_id, name, price, ingredients, description) VALUES (4, 12, 19, '更新积分类别.', '11.29', '市场销售内容历史.', '这么一点以上开始.');
INSERT INTO dishes (dish_id, merchant_id, category_id, name, price, ingredients, description) VALUES (5, 12, 8, '他的不是回复国家这么.', '59.87', '为了法律增加作为浏览提供.', '虽然应该会员重要或者学生.');
INSERT INTO dishes (dish_id, merchant_id, category_id, name, price, ingredients, description) VALUES (6, 11, 8, '我们地址这样的是都是到了对于.', '32.68', '分析品牌一个也是今天也是部分.', '作为是否非常地方文件建设.');
INSERT INTO dishes (dish_id, merchant_id, category_id, name, price, ingredients, description) VALUES (7, 9, 19, '要求服务包括业务来源设计.', '86.54', '行业虽然方法业务可是广告建设.', '汽车产品不过怎么.');
INSERT INTO dishes (dish_id, merchant_id, category_id, name, price, ingredients, description) VALUES (8, 15, 13, '密码事情都是威望时候地方国内.', '62.50', '发布搜索其中一个女人一直.', '系列地方关于包括发现电话.');
INSERT INTO dishes (dish_id, merchant_id, category_id, name, price, ingredients, description) VALUES (9, 13, 8, '一次发现这样市场地址评论最大.', '31.11', '计划需要的话单位自己这里相关.', '可是需要还是表示搜索要求.');
INSERT INTO dishes (dish_id, merchant_id, category_id, name, price, ingredients, description) VALUES (10, 15, 9, '相关如此服务北京程序.', '89.79', '提供位置人员发生下载.', '业务深圳评论企业国内研究正在.');
INSERT INTO dishes (dish_id, merchant_id, category_id, name, price, ingredients, description) VALUES (11, 9, 10, '推荐教育之间科技到了就是.', '33.67', '部分提高是否情况如此生活当然.', '公司包括一切文件两个.');
INSERT INTO dishes (dish_id, merchant_id, category_id, name, price, ingredients, description) VALUES (12, 9, 4, '无法一个记者企业起来目前.', '72.53', '积分如何点击是一.', '最新建设管理类别由于之间一点.');
INSERT INTO dishes (dish_id, merchant_id, category_id, name, price, ingredients, description) VALUES (13, 12, 14, '回复两个活动内容一般过程.', '34.62', '起来成功拥有教育同时通过.', '之间喜欢实现报告的是如何.');
INSERT INTO dishes (dish_id, merchant_id, category_id, name, price, ingredients, description) VALUES (14, 18, 15, '密码上海所以.', '24.77', '准备重要继续解决专业来源结果.', '可以以及那个之后关于点击重要一直.');
INSERT INTO dishes (dish_id, merchant_id, category_id, name, price, ingredients, description) VALUES (15, 10, 10, '系列生活一定语言当然在线单位.', '89.77', '首页标题中国应该.', '作为注意日期社会有关生产非常.');
INSERT INTO dishes (dish_id, merchant_id, category_id, name, price, ingredients, description) VALUES (16, 2, 9, '成功手机任何那么一种.', '89.63', '点击影响系统大小可是他的.', '关系深圳业务朋友开发完成图片.');
INSERT INTO dishes (dish_id, merchant_id, category_id, name, price, ingredients, description) VALUES (17, 10, 9, '系统是一价格音乐开发.', '58.62', '但是作为大小虽然记者方式.', '介绍如果今天功能.');
INSERT INTO dishes (dish_id, merchant_id, category_id, name, price, ingredients, description) VALUES (18, 17, 1, '密码数据你们很多应用.', '24.52', '看到日期城市浏览很多.', '科技可以研究说明不会经济.');
INSERT INTO dishes (dish_id, merchant_id, category_id, name, price, ingredients, description) VALUES (19, 3, 10, '合作分析价格操作.', '63.32', '得到准备影响重要状态作为功能.', '正在今天阅读不要影响可能正在得到.');
INSERT INTO dishes (dish_id, merchant_id, category_id, name, price, ingredients, description) VALUES (20, 18, 1, '大家相关什么完成全国成为.', '98.96', '原因一种拥有北京今年孩子发生.', '设备搜索精华等级公司得到.');
INSERT INTO dish_discounts (dish_id, discount_id, start_timestamp, end_timestamp) VALUES (1, 1, now(), now() + interval 1 month);
INSERT INTO dish_discounts (dish_id, discount_id, start_timestamp, end_timestamp) VALUES (10, 4, now(), now() + interval 1 month);
INSERT INTO dish_discounts (dish_id, discount_id, start_timestamp, end_timestamp) VALUES (10, 9, now(), now() + interval 1 month);
INSERT INTO dish_discounts (dish_id, discount_id, start_timestamp, end_timestamp) VALUES (20, 13, now(), now() + interval 1 month);
INSERT INTO dish_discounts (dish_id, discount_id, start_timestamp, end_timestamp) VALUES (14, 6, now(), now() + interval 1 month);
INSERT INTO dish_discounts (dish_id, discount_id, start_timestamp, end_timestamp) VALUES (7, 15, now(), now() + interval 1 month);
INSERT INTO dish_discounts (dish_id, discount_id, start_timestamp, end_timestamp) VALUES (20, 2, now(), now() + interval 1 month);
INSERT INTO dish_discounts (dish_id, discount_id, start_timestamp, end_timestamp) VALUES (11, 5, now(), now() + interval 1 month);
INSERT INTO dish_discounts (dish_id, discount_id, start_timestamp, end_timestamp) VALUES (4, 12, now(), now() + interval 1 month);
INSERT INTO dish_discounts (dish_id, discount_id, start_timestamp, end_timestamp) VALUES (4, 5, now(), now() + interval 1 month);
INSERT INTO dish_discounts (dish_id, discount_id, start_timestamp, end_timestamp) VALUES (14, 1, now(), now() + interval 1 month);
INSERT INTO dish_discounts (dish_id, discount_id, start_timestamp, end_timestamp) VALUES (9, 9, now(), now() + interval 1 month);
INSERT INTO dish_discounts (dish_id, discount_id, start_timestamp, end_timestamp) VALUES (11, 12, now(), now() + interval 1 month);
INSERT INTO dish_discounts (dish_id, discount_id, start_timestamp, end_timestamp) VALUES (8, 18, now(), now() + interval 1 month);
INSERT INTO dish_discounts (dish_id, discount_id, start_timestamp, end_timestamp) VALUES (10, 2, now(), now() + interval 1 month);
INSERT INTO dish_discounts (dish_id, discount_id, start_timestamp, end_timestamp) VALUES (14, 7, now(), now() + interval 1 month);
INSERT INTO dish_discounts (dish_id, discount_id, start_timestamp, end_timestamp) VALUES (19, 1, now(), now() + interval 1 month);
INSERT INTO dish_discounts (dish_id, discount_id, start_timestamp, end_timestamp) VALUES (10, 6, now(), now() + interval 1 month);
INSERT INTO dish_discounts (dish_id, discount_id, start_timestamp, end_timestamp) VALUES (19, 4, now(), now() + interval 1 month);
INSERT INTO dish_discounts (dish_id, discount_id, start_timestamp, end_timestamp) VALUES (14, 18, now(), now() + interval 1 month);
INSERT INTO orders (order_id, user_id, review_id, address, contact, total_price, status, create_at) VALUES (1, 1017, NULL, '河北省娜市南长重庆路j座 131840', '15651313216', '58.71', 'completed', now());
INSERT INTO orders (order_id, user_id, review_id, address, contact, total_price, status, create_at) VALUES (2, 1003, NULL, '甘肃省海门县清城邱路P座 889514', '15935873393', '99.46', 'completed', now());
INSERT INTO orders (order_id, user_id, review_id, address, contact, total_price, status, create_at) VALUES (3, 1013, NULL, '澳门特别行政区瑜市怀柔北京街U座 749027', '18276164713', '97.47', 'completed', now());
INSERT INTO orders (order_id, user_id, review_id, address, contact, total_price, status, create_at) VALUES (4, 1013, NULL, '河南省上海县和平北镇街D座 758206', '13815199265', '47.96', 'completed', now());
INSERT INTO orders (order_id, user_id, review_id, address, contact, total_price, status, create_at) VALUES (5, 1018, NULL, '内蒙古自治区齐齐哈尔市东丽王街t座 797454', '15124169191', '16.85', 'completed', now());
INSERT INTO orders (order_id, user_id, review_id, address, contact, total_price, status, create_at) VALUES (6, 1018, NULL, '辽宁省淑珍县梁平陈路n座 327815', '15823530423', '6.15', 'completed', now());
INSERT INTO orders (order_id, user_id, review_id, address, contact, total_price, status, create_at) VALUES (7, 1013, NULL, '天津市莉县新城南京路c座 254183', '15121450074', '43.56', 'completed', now());
INSERT INTO orders (order_id, user_id, review_id, address, contact, total_price, status, create_at) VALUES (8, 1013, NULL, '河南省齐齐哈尔市花溪长沙街z座 216128', '18686392469', '93.62', 'completed', now());
INSERT INTO orders (order_id, user_id, review_id, address, contact, total_price, status, create_at) VALUES (9, 1008, NULL, '澳门特别行政区洁县吉区宜都路Q座 118552', '18976336135', '44.68', 'completed', now());
INSERT INTO orders (order_id, user_id, review_id, address, contact, total_price, status, create_at) VALUES (10, 1018, NULL, '天津市秀梅市沙市刘路C座 717780', '13270079124', '15.30', 'completed', now());
INSERT INTO orders (order_id, user_id, review_id, address, contact, total_price, status, create_at) VALUES (11, 1013, NULL, '湖北省云县和平东莞街f座 878455', '18739517135', '55.70', 'completed', now());
INSERT INTO orders (order_id, user_id, review_id, address, contact, total_price, status, create_at) VALUES (12, 1009, NULL, '广西壮族自治区强县海港黄街y座 129805', '18064362739', '11.85', 'completed', now());
INSERT INTO orders (order_id, user_id, review_id, address, contact, total_price, status, create_at) VALUES (13, 1004, NULL, '西藏自治区沈阳市花溪拉萨路z座 361208', '18266041642', '64.14', 'completed', now());
INSERT INTO orders (order_id, user_id, review_id, address, contact, total_price, status, create_at) VALUES (14, 1010, NULL, '黑龙江省汕尾市丰都六安街z座 532570', '18587394114', '96.12', 'completed', now());
INSERT INTO orders (order_id, user_id, review_id, address, contact, total_price, status, create_at) VALUES (15, 1003, NULL, '新疆维吾尔自治区深圳县秀英陈街r座 114160', '15053363796', '27.73', 'completed', now());
INSERT INTO orders (order_id, user_id, review_id, address, contact, total_price, status, create_at) VALUES (16, 1020, NULL, '宁夏回族自治区兰州市上街区街X座 883231', '13292430411', '94.23', 'completed', now());
INSERT INTO orders (order_id, user_id, review_id, address, contact, total_price, status, create_at) VALUES (17, 1003, NULL, '黑龙江省济南县牧野罗路C座 909749', '13280629726', '86.45', 'completed', now());
INSERT INTO orders (order_id, user_id, review_id, address, contact, total_price, status, create_at) VALUES (18, 1018, NULL, '内蒙古自治区浩市合川王路o座 167266', '18679494464', '28.24', 'completed', now());
INSERT INTO orders (order_id, user_id, review_id, address, contact, total_price, status, create_at) VALUES (19, 1020, NULL, '河北省郑州县新城兴安盟路w座 592446', '15960687980', '41.72', 'completed', now());
INSERT INTO orders (order_id, user_id, review_id, address, contact, total_price, status, create_at) VALUES (20, 1018, NULL, '西藏自治区东市龙潭贵阳街N座 621320', '15621336373', '96.63', 'completed', now());
INSERT INTO order_items (dish_id, order_id, quantity) VALUES (12, 13, '9');
INSERT INTO order_items (dish_id, order_id, quantity) VALUES (3, 15, '1');
INSERT INTO order_items (dish_id, order_id, quantity) VALUES (16, 18, '1');
INSERT INTO order_items (dish_id, order_id, quantity) VALUES (1, 17, '1');
INSERT INTO order_items (dish_id, order_id, quantity) VALUES (10, 18, '2');
INSERT INTO order_items (dish_id, order_id, quantity) VALUES (4, 18, '8');
INSERT INTO order_items (dish_id, order_id, quantity) VALUES (6, 8, '6');
INSERT INTO order_items (dish_id, order_id, quantity) VALUES (1, 13, '3');
INSERT INTO order_items (dish_id, order_id, quantity) VALUES (8, 10, '3');
INSERT INTO order_items (dish_id, order_id, quantity) VALUES (18, 16, '5');
INSERT INTO order_items (dish_id, order_id, quantity) VALUES (19, 10, '10');
INSERT INTO order_items (dish_id, order_id, quantity) VALUES (17, 19, '8');
INSERT INTO order_items (dish_id, order_id, quantity) VALUES (15, 8, '6');
INSERT INTO order_items (dish_id, order_id, quantity) VALUES (12, 20, '8');
INSERT INTO order_items (dish_id, order_id, quantity) VALUES (15, 4, '4');
INSERT INTO order_items (dish_id, order_id, quantity) VALUES (18, 3, '1');
INSERT INTO order_items (dish_id, order_id, quantity) VALUES (17, 14, '9');
INSERT INTO order_items (dish_id, order_id, quantity) VALUES (20, 13, '5');
INSERT INTO order_items (dish_id, order_id, quantity) VALUES (20, 1, '8');
INSERT INTO order_items (dish_id, order_id, quantity) VALUES (3, 13, '4');
INSERT INTO reviews (review_id, user_id, rating, comment, create_at) VALUES (1, 1006, '3', '但是注意地址这是.', now());
INSERT INTO reviews (review_id, user_id, rating, comment, create_at) VALUES (2, 1006, '3', '应用责任图片技术图片得到全部.', now());
INSERT INTO reviews (review_id, user_id, rating, comment, create_at) VALUES (3, 1014, '1', '广告设备服务次数.', now());
INSERT INTO reviews (review_id, user_id, rating, comment, create_at) VALUES (4, 1014, '2', '这样数据汽车计划如何.', now());
INSERT INTO reviews (review_id, user_id, rating, comment, create_at) VALUES (5, 1018, '2', '成功出来成为最大详细名称.', now());
INSERT INTO reviews (review_id, user_id, rating, comment, create_at) VALUES (6, 1008, '4', '历史环境论坛国际发展显示发布.', now());
INSERT INTO reviews (review_id, user_id, rating, comment, create_at) VALUES (7, 1008, '1', '由于你的学习留言简介.', now());
INSERT INTO reviews (review_id, user_id, rating, comment, create_at) VALUES (8, 1001, '2', '说明使用男人活动继续来自.', now());
INSERT INTO reviews (review_id, user_id, rating, comment, create_at) VALUES (9, 1017, '4', '为了回复当然你的电子今天任何点击.', now());
INSERT INTO reviews (review_id, user_id, rating, comment, create_at) VALUES (10, 1005, '3', '一个大家影响就是作者学生深圳.', now());
INSERT INTO reviews (review_id, user_id, rating, comment, create_at) VALUES (11, 1015, '5', '美国管理政府功能.', now());
INSERT INTO reviews (review_id, user_id, rating, comment, create_at) VALUES (12, 1011, '1', '世界留言特别介绍状态通过提高.', now());
INSERT INTO reviews (review_id, user_id, rating, comment, create_at) VALUES (13, 1003, '1', '只是如此类别方面.', now());
INSERT INTO reviews (review_id, user_id, rating, comment, create_at) VALUES (14, 1002, '4', '继续希望这里要求一个提高服务.', now());
INSERT INTO reviews (review_id, user_id, rating, comment, create_at) VALUES (15, 1018, '4', '正在人民这样学校.', now());
INSERT INTO reviews (review_id, user_id, rating, comment, create_at) VALUES (16, 1006, '3', '标准部分用户品牌.', now());
INSERT INTO reviews (review_id, user_id, rating, comment, create_at) VALUES (17, 1006, '3', '女人国家知道工具国家阅读解决.', now());
INSERT INTO reviews (review_id, user_id, rating, comment, create_at) VALUES (18, 1015, '2', '提供直接起来安全.', now());
INSERT INTO reviews (review_id, user_id, rating, comment, create_at) VALUES (19, 1009, '2', '可以当然研究记者进行.', now());
INSERT INTO reviews (review_id, user_id, rating, comment, create_at) VALUES (20, 1020, '5', '对于开始语言.', now());
INSERT INTO merchant_users (merchant_id, user_id, update_time, job_title, company) VALUES (13, 1008, now(), 'contractor', 'company3');
INSERT INTO merchant_users (merchant_id, user_id, update_time, job_title, company) VALUES (13, 1018, now(), 'merchant', 'company3');
INSERT INTO merchant_users (merchant_id, user_id, update_time, job_title, company) VALUES (10, 1001, now(), 'merchant', 'company2');
INSERT INTO merchant_users (merchant_id, user_id, update_time, job_title, company) VALUES (4, 1005, now(), 'merchant', 'company2');
INSERT INTO merchant_users (merchant_id, user_id, update_time, job_title, company) VALUES (20, 1020, now(), 'merchant', 'company2');
INSERT INTO merchant_users (merchant_id, user_id, update_time, job_title, company) VALUES (9, 1009, now(), 'merchant', 'company3');
INSERT INTO merchant_users (merchant_id, user_id, update_time, job_title, company) VALUES (15, 1004, now(), 'contractor', 'company1');
INSERT INTO merchant_users (merchant_id, user_id, update_time, job_title, company) VALUES (16, 1012, now(), 'contractor', 'company3');
INSERT INTO merchant_users (merchant_id, user_id, update_time, job_title, company) VALUES (4, 1016, now(), 'merchant', 'company1');
INSERT INTO merchant_users (merchant_id, user_id, update_time, job_title, company) VALUES (3, 1011, now(), 'merchant', 'company3');
INSERT INTO merchant_users (merchant_id, user_id, update_time, job_title, company) VALUES (15, 1011, now(), 'merchant', 'company1');
INSERT INTO merchant_users (merchant_id, user_id, update_time, job_title, company) VALUES (16, 1016, now(), 'merchant', 'company2');
INSERT INTO merchant_users (merchant_id, user_id, update_time, job_title, company) VALUES (2, 1009, now(), 'contractor', 'company2');
INSERT INTO merchant_users (merchant_id, user_id, update_time, job_title, company) VALUES (12, 1008, now(), 'contractor', 'company1');
INSERT INTO merchant_users (merchant_id, user_id, update_time, job_title, company) VALUES (13, 1017, now(), 'merchant', 'company1');
INSERT INTO merchant_users (merchant_id, user_id, update_time, job_title, company) VALUES (14, 1008, now(), 'merchant', 'company2');
INSERT INTO merchant_users (merchant_id, user_id, update_time, job_title, company) VALUES (1, 1012, now(), 'merchant', 'company2');
INSERT INTO merchant_users (merchant_id, user_id, update_time, job_title, company) VALUES (20, 1010, now(), 'manager', 'company2');
INSERT INTO merchant_users (merchant_id, user_id, update_time, job_title, company) VALUES (4, 1001, now(), 'contractor', 'company3');
INSERT INTO merchant_users (merchant_id, user_id, update_time, job_title, company) VALUES (13, 1002, now(), 'merchant', 'company1');
UPDATE orders SET review_id = 1 WHERE order_id = 2;
UPDATE orders SET review_id = 2 WHERE order_id = 6;
UPDATE orders SET review_id = 3 WHERE order_id = 8;
UPDATE orders SET review_id = 4 WHERE order_id = 4;
UPDATE orders SET review_id = 5 WHERE order_id = 14;
UPDATE orders SET review_id = 6 WHERE order_id = 3;
UPDATE orders SET review_id = 7 WHERE order_id = 4;
UPDATE orders SET review_id = 8 WHERE order_id = 20;
UPDATE orders SET review_id = 9 WHERE order_id = 12;
UPDATE orders SET review_id = 10 WHERE order_id = 17;
UPDATE orders SET review_id = 11 WHERE order_id = 8;
UPDATE orders SET review_id = 12 WHERE order_id = 8;
UPDATE orders SET review_id = 13 WHERE order_id = 17;
UPDATE orders SET review_id = 14 WHERE order_id = 3;
UPDATE orders SET review_id = 15 WHERE order_id = 6;
UPDATE orders SET review_id = 16 WHERE order_id = 9;
UPDATE orders SET review_id = 17 WHERE order_id = 3;
UPDATE orders SET review_id = 18 WHERE order_id = 19;
UPDATE orders SET review_id = 19 WHERE order_id = 17;
UPDATE orders SET review_id = 20 WHERE order_id = 3;
UPDATE users SET password = (SELECT sha2(password, 256)) WHERE user_id = 1001;
UPDATE users SET password = (SELECT sha2(password, 256)) WHERE user_id = 1002;
UPDATE users SET password = (SELECT sha2(password, 256)) WHERE user_id = 1003;
UPDATE users SET password = (SELECT sha2(password, 256)) WHERE user_id = 1004;
UPDATE users SET password = (SELECT sha2(password, 256)) WHERE user_id = 1005;
UPDATE users SET password = (SELECT sha2(password, 256)) WHERE user_id = 1006;
UPDATE users SET password = (SELECT sha2(password, 256)) WHERE user_id = 1007;
UPDATE users SET password = (SELECT sha2(password, 256)) WHERE user_id = 1008;
UPDATE users SET password = (SELECT sha2(password, 256)) WHERE user_id = 1009;
UPDATE users SET password = (SELECT sha2(password, 256)) WHERE user_id = 1010;
UPDATE users SET password = (SELECT sha2(password, 256)) WHERE user_id = 1011;
UPDATE users SET password = (SELECT sha2(password, 256)) WHERE user_id = 1012;
UPDATE users SET password = (SELECT sha2(password, 256)) WHERE user_id = 1013;
UPDATE users SET password = (SELECT sha2(password, 256)) WHERE user_id = 1014;
UPDATE users SET password = (SELECT sha2(password, 256)) WHERE user_id = 1015;
UPDATE users SET password = (SELECT sha2(password, 256)) WHERE user_id = 1016;
UPDATE users SET password = (SELECT sha2(password, 256)) WHERE user_id = 1017;
UPDATE users SET password = (SELECT sha2(password, 256)) WHERE user_id = 1018;
UPDATE users SET password = (SELECT sha2(password, 256)) WHERE user_id = 1019;
UPDATE users SET password = (SELECT sha2(password, 256)) WHERE user_id = 1020;
