INSERT INTO users (user_id, username, firstname, lastname, id_number, phone, password, address, email, is_active, salt, create_at) VALUES (1001, 'changli', '亮', '熊', NULL, '15153370498', 'Go_7$kOmGG', '台湾省淑珍县和平六盘水路C座 824112', 'jing92@example.net', true, '00000000000000000000000000000000', now());
INSERT INTO users (user_id, username, firstname, lastname, id_number, phone, password, address, email, is_active, salt, create_at) VALUES (1002, 'yong13', '亮', '陈', NULL, '15763987826', 'Y_8#5Xo*l9', '江苏省济南市房山张路B座 305839', 'xiulanzhong@example.net', true, '00000000000000000000000000000000', now());
INSERT INTO users (user_id, username, firstname, lastname, id_number, phone, password, address, email, is_active, salt, create_at) VALUES (1003, 'tangwei', '娜', '贺', NULL, '13756592621', '$O95DtDDIJ', '澳门特别行政区秀珍市南长六盘水街E座 998089', 'jingjiang@example.com', true, '00000000000000000000000000000000', now());
INSERT INTO users (user_id, username, firstname, lastname, id_number, phone, password, address, email, is_active, salt, create_at) VALUES (1004, 'yangna', '桂芳', '李', NULL, '13947783588', 'q7UqC8Nb+q', '辽宁省利市房山钱街E座 873182', 'min49@example.org', true, '00000000000000000000000000000000', now());
INSERT INTO users (user_id, username, firstname, lastname, id_number, phone, password, address, email, is_active, salt, create_at) VALUES (1005, 'guiying00', '瑜', '李', NULL, '18727611447', '#l)VT6ubV3', '西藏自治区南昌县南长张路F座 779207', 'rwan@example.com', true, '00000000000000000000000000000000', now());
INSERT INTO users (user_id, username, firstname, lastname, id_number, phone, password, address, email, is_active, salt, create_at) VALUES (1006, 'juan67', '红梅', '戴', NULL, '18012138512', '4Mf$BA1j%8', '天津市建军市秀英张街f座 717823', 'fang88@example.net', true, '00000000000000000000000000000000', now());
INSERT INTO users (user_id, username, firstname, lastname, id_number, phone, password, address, email, is_active, salt, create_at) VALUES (1007, 'qqian', '萍', '王', NULL, '15992446636', 'ln_7JYx^R&', '河北省广州县清城上海街b座 694903', 'jing43@example.net', true, '00000000000000000000000000000000', now());
INSERT INTO users (user_id, username, firstname, lastname, id_number, phone, password, address, email, is_active, salt, create_at) VALUES (1008, 'ming83', '静', '朱', NULL, '13647356829', '$93fhDt*51', '辽宁省辛集市兴山管街O座 615729', 'xiuyingcheng@example.org', true, '00000000000000000000000000000000', now());
INSERT INTO users (user_id, username, firstname, lastname, id_number, phone, password, address, email, is_active, salt, create_at) VALUES (1009, 'tianxiuying', '博', '时', NULL, '14530284106', '+N%8Lnjl(P', '山西省桂荣县江北刘路s座 243921', 'gaomin@example.com', true, '00000000000000000000000000000000', now());
INSERT INTO users (user_id, username, firstname, lastname, id_number, phone, password, address, email, is_active, salt, create_at) VALUES (1010, 'taofang', '婷', '翟', NULL, '18756002490', '%TQ!j^a+L4', '重庆市玉英县房山重庆路f座 956262', 'bcai@example.net', true, '00000000000000000000000000000000', now());
INSERT INTO users (user_id, username, firstname, lastname, id_number, phone, password, address, email, is_active, salt, create_at) VALUES (1011, 'tiantao', '刚', '凌', NULL, '18962708160', 'X&3_!9Zn!M', '河南省潜江县浔阳童街J座 764937', 'qiang39@example.org', true, '00000000000000000000000000000000', now());
INSERT INTO users (user_id, username, firstname, lastname, id_number, phone, password, address, email, is_active, salt, create_at) VALUES (1012, 'juan86', '玉华', '臧', NULL, '15649500625', 'X#8ZpQcaRB', '新疆维吾尔自治区太原市朝阳长沙路h座 458728', 'ping50@example.com', true, '00000000000000000000000000000000', now());
INSERT INTO users (user_id, username, firstname, lastname, id_number, phone, password, address, email, is_active, salt, create_at) VALUES (1013, 'yangu', '红霞', '袁', NULL, '18273809662', '*aFVgxvj+7', '新疆维吾尔自治区春梅县锡山王街X座 672263', 'ping34@example.net', true, '00000000000000000000000000000000', now());
INSERT INTO users (user_id, username, firstname, lastname, id_number, phone, password, address, email, is_active, salt, create_at) VALUES (1014, 'tanjun', '秀兰', '吴', NULL, '14575938034', ')qoC7dhg+2', '湖南省杰县沈河佛山路m座 771009', 'jie14@example.net', true, '00000000000000000000000000000000', now());
INSERT INTO users (user_id, username, firstname, lastname, id_number, phone, password, address, email, is_active, salt, create_at) VALUES (1015, 'yeming', '杨', '高', NULL, '14512682118', 't1$%2gHrhR', '广东省颖县平山南宁街E座 456420', 'yongyang@example.net', true, '00000000000000000000000000000000', now());
INSERT INTO users (user_id, username, firstname, lastname, id_number, phone, password, address, email, is_active, salt, create_at) VALUES (1016, 'shixia', '玉梅', '罗', NULL, '13301904929', '@tq9AC_vQr', '安徽省淮安市长寿大冶街Q座 366520', 'rkang@example.net', true, '00000000000000000000000000000000', now());
INSERT INTO users (user_id, username, firstname, lastname, id_number, phone, password, address, email, is_active, salt, create_at) VALUES (1017, 'qinming', '欢', '韩', NULL, '15795866850', '0@j9Ai$h*5', '陕西省娜市沙湾石家庄路g座 982210', 'jingma@example.com', true, '00000000000000000000000000000000', now());
INSERT INTO users (user_id, username, firstname, lastname, id_number, phone, password, address, email, is_active, salt, create_at) VALUES (1018, 'hyang', '丹', '官', NULL, '18647564881', '#j3Ic!WytV', '澳门特别行政区淑英县海港王街k座 573249', 'wanchao@example.org', true, '00000000000000000000000000000000', now());
INSERT INTO users (user_id, username, firstname, lastname, id_number, phone, password, address, email, is_active, salt, create_at) VALUES (1019, 'xiulanlai', '桂香', '吴', NULL, '14571264581', 'Y%j0S1dH$^', '上海市瑞市东城拉萨路R座 793500', 'taozou@example.org', true, '00000000000000000000000000000000', now());
INSERT INTO users (user_id, username, firstname, lastname, id_number, phone, password, address, email, is_active, salt, create_at) VALUES (1020, 'gangshen', '莉', '陈', NULL, '15186732392', '$K7#3B4l$7', '青海省瑜市合川王街d座 869295', 'chaofeng@example.org', true, '00000000000000000000000000000000', now());
INSERT INTO roles (role_id, name) VALUES (1, 'admin');
INSERT INTO roles (role_id, name) VALUES (2, 'staff');
INSERT INTO roles (role_id, name) VALUES (3, 'default');
INSERT INTO roles (role_id, name) VALUES (4, 'customer');
INSERT INTO roles (role_id, name) VALUES (5, 'customer');
INSERT INTO roles (role_id, name) VALUES (6, 'customer');
INSERT INTO roles (role_id, name) VALUES (7, 'default');
INSERT INTO roles (role_id, name) VALUES (8, 'customer');
INSERT INTO roles (role_id, name) VALUES (9, 'customer');
INSERT INTO roles (role_id, name) VALUES (10, 'customer');
INSERT INTO roles (role_id, name) VALUES (11, 'default');
INSERT INTO roles (role_id, name) VALUES (12, 'customer');
INSERT INTO roles (role_id, name) VALUES (13, 'customer');
INSERT INTO roles (role_id, name) VALUES (14, 'customer');
INSERT INTO roles (role_id, name) VALUES (15, 'customer');
INSERT INTO roles (role_id, name) VALUES (16, 'customer');
INSERT INTO roles (role_id, name) VALUES (17, 'admin');
INSERT INTO roles (role_id, name) VALUES (18, 'staff');
INSERT INTO roles (role_id, name) VALUES (19, 'admin');
INSERT INTO roles (role_id, name) VALUES (20, 'staff');
INSERT INTO user_roles (role_id, user_id, grant_date) VALUES (17, 1014, now());
INSERT INTO user_roles (role_id, user_id, grant_date) VALUES (10, 1002, now());
INSERT INTO user_roles (role_id, user_id, grant_date) VALUES (18, 1016, now());
INSERT INTO user_roles (role_id, user_id, grant_date) VALUES (8, 1013, now());
INSERT INTO user_roles (role_id, user_id, grant_date) VALUES (10, 1009, now());
INSERT INTO user_roles (role_id, user_id, grant_date) VALUES (9, 1002, now());
INSERT INTO user_roles (role_id, user_id, grant_date) VALUES (15, 1007, now());
INSERT INTO user_roles (role_id, user_id, grant_date) VALUES (12, 1014, now());
INSERT INTO user_roles (role_id, user_id, grant_date) VALUES (19, 1007, now());
INSERT INTO user_roles (role_id, user_id, grant_date) VALUES (18, 1017, now());
INSERT INTO user_roles (role_id, user_id, grant_date) VALUES (11, 1018, now());
INSERT INTO user_roles (role_id, user_id, grant_date) VALUES (15, 1019, now());
INSERT INTO user_roles (role_id, user_id, grant_date) VALUES (6, 1017, now());
INSERT INTO user_roles (role_id, user_id, grant_date) VALUES (8, 1004, now());
INSERT INTO user_roles (role_id, user_id, grant_date) VALUES (7, 1002, now());
INSERT INTO user_roles (role_id, user_id, grant_date) VALUES (19, 1014, now());
INSERT INTO user_roles (role_id, user_id, grant_date) VALUES (12, 1019, now());
INSERT INTO user_roles (role_id, user_id, grant_date) VALUES (3, 1017, now());
INSERT INTO user_roles (role_id, user_id, grant_date) VALUES (4, 1014, now());
INSERT INTO user_roles (role_id, user_id, grant_date) VALUES (4, 1011, now());
INSERT INTO cafeterias (cafeteria_id, name, location, is_active) VALUES (1, 'Cafeteria 0', '安徽省杨市城东天津街P座 240479', true);
INSERT INTO cafeterias (cafeteria_id, name, location, is_active) VALUES (2, 'Cafeteria 0', '青海省玉梅县海港澳门街K座 547691', true);
INSERT INTO cafeterias (cafeteria_id, name, location, is_active) VALUES (3, 'Cafeteria 0', '澳门特别行政区汕尾县东城钟路d座 610308', true);
INSERT INTO cafeterias (cafeteria_id, name, location, is_active) VALUES (4, 'Cafeteria 0', '黑龙江省兴城市滨城沈阳路g座 108298', true);
INSERT INTO cafeterias (cafeteria_id, name, location, is_active) VALUES (5, 'Cafeteria 0', '香港特别行政区雷县合川左路y座 566138', true);
INSERT INTO cafeterias (cafeteria_id, name, location, is_active) VALUES (6, 'Cafeteria 0', '湖南省颖市孝南西安街Z座 348817', true);
INSERT INTO cafeterias (cafeteria_id, name, location, is_active) VALUES (7, 'Cafeteria 0', '宁夏回族自治区银川县长寿胡路g座 740660', true);
INSERT INTO cafeterias (cafeteria_id, name, location, is_active) VALUES (8, 'Cafeteria 0', '辽宁省齐齐哈尔市吉区董街Y座 699152', true);
INSERT INTO cafeterias (cafeteria_id, name, location, is_active) VALUES (9, 'Cafeteria 0', '广西壮族自治区武汉市吉区孙街G座 648194', true);
INSERT INTO cafeterias (cafeteria_id, name, location, is_active) VALUES (10, 'Cafeteria 0', '广东省海口县海港周路Y座 284337', true);
INSERT INTO cafeterias (cafeteria_id, name, location, is_active) VALUES (11, 'Cafeteria 0', '新疆维吾尔自治区桂花县清河南京街l座 758392', true);
INSERT INTO cafeterias (cafeteria_id, name, location, is_active) VALUES (12, 'Cafeteria 0', '云南省飞县山亭李路e座 630210', true);
INSERT INTO cafeterias (cafeteria_id, name, location, is_active) VALUES (13, 'Cafeteria 0', '安徽省郑州市滨城合山街X座 342457', true);
INSERT INTO cafeterias (cafeteria_id, name, location, is_active) VALUES (14, 'Cafeteria 0', '青海省上海县江北嘉禾路w座 958429', true);
INSERT INTO cafeterias (cafeteria_id, name, location, is_active) VALUES (15, 'Cafeteria 0', '内蒙古自治区辛集县清城大冶街B座 785752', true);
INSERT INTO cafeterias (cafeteria_id, name, location, is_active) VALUES (16, 'Cafeteria 0', '澳门特别行政区秀芳市华龙兰州街D座 233051', true);
INSERT INTO cafeterias (cafeteria_id, name, location, is_active) VALUES (17, 'Cafeteria 0', '重庆市荆门县翔安关岭路a座 617375', true);
INSERT INTO cafeterias (cafeteria_id, name, location, is_active) VALUES (18, 'Cafeteria 0', '广东省马鞍山县清城石家庄路N座 324213', true);
INSERT INTO cafeterias (cafeteria_id, name, location, is_active) VALUES (19, 'Cafeteria 0', '黑龙江省太原市永川徐街L座 757495', true);
INSERT INTO cafeterias (cafeteria_id, name, location, is_active) VALUES (20, 'Cafeteria 0', '陕西省阳县沈北新徐路g座 948333', true);
INSERT INTO merchants (merchant_id, name, is_active) VALUES (1, 'Merchant 1', true);
INSERT INTO merchants (merchant_id, name, is_active) VALUES (2, 'Merchant 2', true);
INSERT INTO merchants (merchant_id, name, is_active) VALUES (3, 'Merchant 3', true);
INSERT INTO merchants (merchant_id, name, is_active) VALUES (4, 'Merchant 4', true);
INSERT INTO merchants (merchant_id, name, is_active) VALUES (5, 'Merchant 5', true);
INSERT INTO merchants (merchant_id, name, is_active) VALUES (6, 'Merchant 6', true);
INSERT INTO merchants (merchant_id, name, is_active) VALUES (7, 'Merchant 7', true);
INSERT INTO merchants (merchant_id, name, is_active) VALUES (8, 'Merchant 8', true);
INSERT INTO merchants (merchant_id, name, is_active) VALUES (9, 'Merchant 9', true);
INSERT INTO merchants (merchant_id, name, is_active) VALUES (10, 'Merchant 10', true);
INSERT INTO merchants (merchant_id, name, is_active) VALUES (11, 'Merchant 11', true);
INSERT INTO merchants (merchant_id, name, is_active) VALUES (12, 'Merchant 12', true);
INSERT INTO merchants (merchant_id, name, is_active) VALUES (13, 'Merchant 13', true);
INSERT INTO merchants (merchant_id, name, is_active) VALUES (14, 'Merchant 14', true);
INSERT INTO merchants (merchant_id, name, is_active) VALUES (15, 'Merchant 15', true);
INSERT INTO merchants (merchant_id, name, is_active) VALUES (16, 'Merchant 16', true);
INSERT INTO merchants (merchant_id, name, is_active) VALUES (17, 'Merchant 17', true);
INSERT INTO merchants (merchant_id, name, is_active) VALUES (18, 'Merchant 18', true);
INSERT INTO merchants (merchant_id, name, is_active) VALUES (19, 'Merchant 19', true);
INSERT INTO merchants (merchant_id, name, is_active) VALUES (20, 'Merchant 20', true);
INSERT INTO contracts (cafeteria_id, merchant_id, start_timestamp, end_timestamp) VALUES (14, 15, now(), now() + interval 1 year);
INSERT INTO contracts (cafeteria_id, merchant_id, start_timestamp, end_timestamp) VALUES (6, 18, now(), now() + interval 1 year);
INSERT INTO contracts (cafeteria_id, merchant_id, start_timestamp, end_timestamp) VALUES (9, 5, now(), now() + interval 1 year);
INSERT INTO contracts (cafeteria_id, merchant_id, start_timestamp, end_timestamp) VALUES (16, 13, now(), now() + interval 1 year);
INSERT INTO contracts (cafeteria_id, merchant_id, start_timestamp, end_timestamp) VALUES (19, 7, now(), now() + interval 1 year);
INSERT INTO contracts (cafeteria_id, merchant_id, start_timestamp, end_timestamp) VALUES (12, 4, now(), now() + interval 1 year);
INSERT INTO contracts (cafeteria_id, merchant_id, start_timestamp, end_timestamp) VALUES (4, 7, now(), now() + interval 1 year);
INSERT INTO contracts (cafeteria_id, merchant_id, start_timestamp, end_timestamp) VALUES (17, 3, now(), now() + interval 1 year);
INSERT INTO contracts (cafeteria_id, merchant_id, start_timestamp, end_timestamp) VALUES (19, 9, now(), now() + interval 1 year);
INSERT INTO contracts (cafeteria_id, merchant_id, start_timestamp, end_timestamp) VALUES (6, 10, now(), now() + interval 1 year);
INSERT INTO contracts (cafeteria_id, merchant_id, start_timestamp, end_timestamp) VALUES (8, 20, now(), now() + interval 1 year);
INSERT INTO contracts (cafeteria_id, merchant_id, start_timestamp, end_timestamp) VALUES (14, 20, now(), now() + interval 1 year);
INSERT INTO contracts (cafeteria_id, merchant_id, start_timestamp, end_timestamp) VALUES (8, 15, now(), now() + interval 1 year);
INSERT INTO contracts (cafeteria_id, merchant_id, start_timestamp, end_timestamp) VALUES (5, 6, now(), now() + interval 1 year);
INSERT INTO contracts (cafeteria_id, merchant_id, start_timestamp, end_timestamp) VALUES (8, 20, now(), now() + interval 1 year);
INSERT INTO contracts (cafeteria_id, merchant_id, start_timestamp, end_timestamp) VALUES (5, 10, now(), now() + interval 1 year);
INSERT INTO contracts (cafeteria_id, merchant_id, start_timestamp, end_timestamp) VALUES (2, 11, now(), now() + interval 1 year);
INSERT INTO contracts (cafeteria_id, merchant_id, start_timestamp, end_timestamp) VALUES (17, 13, now(), now() + interval 1 year);
INSERT INTO contracts (cafeteria_id, merchant_id, start_timestamp, end_timestamp) VALUES (12, 15, now(), now() + interval 1 year);
INSERT INTO contracts (cafeteria_id, merchant_id, start_timestamp, end_timestamp) VALUES (7, 12, now(), now() + interval 1 year);
INSERT INTO discounts (discount_id, name, percentage) VALUES (1, '资料虽然以上免费个人中国历史类型.', '0.01');
INSERT INTO discounts (discount_id, name, percentage) VALUES (2, '人民国内当然建设还是欢迎不能管理.', '0.30');
INSERT INTO discounts (discount_id, name, percentage) VALUES (3, '发现原因事情方式工作.', '0.07');
INSERT INTO discounts (discount_id, name, percentage) VALUES (4, '状态会员不能.', '0.06');
INSERT INTO discounts (discount_id, name, percentage) VALUES (5, '游戏留言加入实现位置工程.', '0.96');
INSERT INTO discounts (discount_id, name, percentage) VALUES (6, '质量操作精华会员公司新闻.', '0.76');
INSERT INTO discounts (discount_id, name, percentage) VALUES (7, '文化那么朋友只要手机认为品牌.', '0.02');
INSERT INTO discounts (discount_id, name, percentage) VALUES (8, '事情认为市场经营空间.', '0.68');
INSERT INTO discounts (discount_id, name, percentage) VALUES (9, '感觉网站网上专业历史这样.', '1.00');
INSERT INTO discounts (discount_id, name, percentage) VALUES (10, '不能包括其他那个一下程序空间.', '0.20');
INSERT INTO discounts (discount_id, name, percentage) VALUES (11, '点击一些根据两个所以经济.', '0.74');
INSERT INTO discounts (discount_id, name, percentage) VALUES (12, '设计非常专业时间汽车.', '0.58');
INSERT INTO discounts (discount_id, name, percentage) VALUES (13, '制作重要主要之间不是能够.', '0.59');
INSERT INTO discounts (discount_id, name, percentage) VALUES (14, '成功欢迎是否那么.', '0.50');
INSERT INTO discounts (discount_id, name, percentage) VALUES (15, '阅读服务类别直接会员可以什么.', '0.01');
INSERT INTO discounts (discount_id, name, percentage) VALUES (16, '以下发现阅读他们.', '0.64');
INSERT INTO discounts (discount_id, name, percentage) VALUES (17, '解决之间方法帖子两个看到图片.', '0.23');
INSERT INTO discounts (discount_id, name, percentage) VALUES (18, '这个客户位置一些帮助.', '0.07');
INSERT INTO discounts (discount_id, name, percentage) VALUES (19, '教育问题自己最新系统会员.', '0.08');
INSERT INTO discounts (discount_id, name, percentage) VALUES (20, '谢谢不要记者.', '0.31');
INSERT INTO categories (category_id, name) VALUES (1, 'Category 1');
INSERT INTO categories (category_id, name) VALUES (2, 'Category 2');
INSERT INTO categories (category_id, name) VALUES (3, 'Category 3');
INSERT INTO categories (category_id, name) VALUES (4, 'Category 4');
INSERT INTO categories (category_id, name) VALUES (5, 'Category 5');
INSERT INTO categories (category_id, name) VALUES (6, 'Category 6');
INSERT INTO categories (category_id, name) VALUES (7, 'Category 7');
INSERT INTO categories (category_id, name) VALUES (8, 'Category 8');
INSERT INTO categories (category_id, name) VALUES (9, 'Category 9');
INSERT INTO categories (category_id, name) VALUES (10, 'Category 10');
INSERT INTO categories (category_id, name) VALUES (11, 'Category 11');
INSERT INTO categories (category_id, name) VALUES (12, 'Category 12');
INSERT INTO categories (category_id, name) VALUES (13, 'Category 13');
INSERT INTO categories (category_id, name) VALUES (14, 'Category 14');
INSERT INTO categories (category_id, name) VALUES (15, 'Category 15');
INSERT INTO categories (category_id, name) VALUES (16, 'Category 16');
INSERT INTO categories (category_id, name) VALUES (17, 'Category 17');
INSERT INTO categories (category_id, name) VALUES (18, 'Category 18');
INSERT INTO categories (category_id, name) VALUES (19, 'Category 19');
INSERT INTO categories (category_id, name) VALUES (20, 'Category 20');
INSERT INTO dishes (dish_id, merchant_id, category_id, name, price, ingredients, description) VALUES (1, 16, 4, '音乐中国回复一般联系.', '80.38', '部分来源没有一定.', '那些通过信息联系当然决定.');
INSERT INTO dishes (dish_id, merchant_id, category_id, name, price, ingredients, description) VALUES (2, 7, 1, '一般她的个人质量我们.', '26.90', '程序东西因此责任企业语言.', '必须自己一起世界注册那么城市是否.');
INSERT INTO dishes (dish_id, merchant_id, category_id, name, price, ingredients, description) VALUES (3, 19, 8, '国内得到自己点击点击免费城市.', '63.01', '以后今年这里经验起来处理.', '相关全部价格如果名称大学系统.');
INSERT INTO dishes (dish_id, merchant_id, category_id, name, price, ingredients, description) VALUES (4, 6, 19, '更多进入广告运行正在加入.', '43.75', '非常电子国际.', '都是历史直接.');
INSERT INTO dishes (dish_id, merchant_id, category_id, name, price, ingredients, description) VALUES (5, 19, 19, '工作其他各种.', '14.99', '只是设计一切发布.', '没有环境我的特别.');
INSERT INTO dishes (dish_id, merchant_id, category_id, name, price, ingredients, description) VALUES (6, 3, 1, '历史历史手机包括文化.', '25.84', '资料选择基本觉得增加.', '标准发布因此之后.');
INSERT INTO dishes (dish_id, merchant_id, category_id, name, price, ingredients, description) VALUES (7, 7, 2, '拥有语言看到来源网上销售过程.', '20.43', '之间有些如此过程有关.', '地区回复女人那个一些.');
INSERT INTO dishes (dish_id, merchant_id, category_id, name, price, ingredients, description) VALUES (8, 16, 17, '中国要求两个是一只要成为.', '38.59', '北京出现美国设备时候历史.', '这里评论电影国家汽车.');
INSERT INTO dishes (dish_id, merchant_id, category_id, name, price, ingredients, description) VALUES (9, 8, 9, '发展不过国内电话管理为什.', '37.96', '如何深圳最大.', '不要名称免费希望中心下载文章.');
INSERT INTO dishes (dish_id, merchant_id, category_id, name, price, ingredients, description) VALUES (10, 2, 13, '首页不要计划游戏质量.', '34.58', '社会解决环境.', '质量生产简介孩子之间技术觉得.');
INSERT INTO dishes (dish_id, merchant_id, category_id, name, price, ingredients, description) VALUES (11, 20, 18, '包括介绍拥有首页.', '35.37', '使用作为他们活动电子非常.', '在线事情北京软件最后一次阅读方式.');
INSERT INTO dishes (dish_id, merchant_id, category_id, name, price, ingredients, description) VALUES (12, 5, 10, '使用现在发生这么一下.', '25.82', '客户手机今年感觉这种.', '其他公司那些相关.');
INSERT INTO dishes (dish_id, merchant_id, category_id, name, price, ingredients, description) VALUES (13, 18, 9, '直接的话推荐操作等级.', '20.18', '工程一切组织有限阅读等级进行.', '不能公司喜欢为什.');
INSERT INTO dishes (dish_id, merchant_id, category_id, name, price, ingredients, description) VALUES (14, 6, 4, '特别地址电话分析完全.', '77.84', '一下通过次数可能.', '以及开始那么建设.');
INSERT INTO dishes (dish_id, merchant_id, category_id, name, price, ingredients, description) VALUES (15, 9, 3, '历史威望还有发现朋友希望其实而且.', '23.69', '喜欢专业项目其他.', '人民报告任何以及你们现在.');
INSERT INTO dishes (dish_id, merchant_id, category_id, name, price, ingredients, description) VALUES (16, 10, 18, '深圳如何喜欢因此如果.', '69.89', '以下开始等级经验.', '等级查看其中.');
INSERT INTO dishes (dish_id, merchant_id, category_id, name, price, ingredients, description) VALUES (17, 6, 5, '处理然后个人最大选择的话.', '24.83', '然后关于电子一样部分出来.', '应该情况时候觉得.');
INSERT INTO dishes (dish_id, merchant_id, category_id, name, price, ingredients, description) VALUES (18, 19, 1, '介绍生活正在.', '42.03', '游戏各种学习人员经济大学语言.', '发生完成电影.');
INSERT INTO dishes (dish_id, merchant_id, category_id, name, price, ingredients, description) VALUES (19, 20, 6, '具有生产计划认为加入当前责任.', '13.77', '图片方式工程支持.', '关于文章现在男人这是.');
INSERT INTO dishes (dish_id, merchant_id, category_id, name, price, ingredients, description) VALUES (20, 14, 20, '原因不过价格学习资料次数最大.', '87.33', '非常搜索合作这是.', '文件已经语言日期那个法律汽车.');
INSERT INTO dish_discounts (dish_id, discount_id, start_timestamp, end_timestamp) VALUES (1, 1, now(), now() + interval 1 month);
INSERT INTO dish_discounts (dish_id, discount_id, start_timestamp, end_timestamp) VALUES (17, 1, now(), now() + interval 1 month);
INSERT INTO dish_discounts (dish_id, discount_id, start_timestamp, end_timestamp) VALUES (20, 8, now(), now() + interval 1 month);
INSERT INTO dish_discounts (dish_id, discount_id, start_timestamp, end_timestamp) VALUES (3, 18, now(), now() + interval 1 month);
INSERT INTO dish_discounts (dish_id, discount_id, start_timestamp, end_timestamp) VALUES (15, 9, now(), now() + interval 1 month);
INSERT INTO dish_discounts (dish_id, discount_id, start_timestamp, end_timestamp) VALUES (4, 9, now(), now() + interval 1 month);
INSERT INTO dish_discounts (dish_id, discount_id, start_timestamp, end_timestamp) VALUES (17, 3, now(), now() + interval 1 month);
INSERT INTO dish_discounts (dish_id, discount_id, start_timestamp, end_timestamp) VALUES (19, 13, now(), now() + interval 1 month);
INSERT INTO dish_discounts (dish_id, discount_id, start_timestamp, end_timestamp) VALUES (16, 2, now(), now() + interval 1 month);
INSERT INTO dish_discounts (dish_id, discount_id, start_timestamp, end_timestamp) VALUES (12, 1, now(), now() + interval 1 month);
INSERT INTO dish_discounts (dish_id, discount_id, start_timestamp, end_timestamp) VALUES (14, 5, now(), now() + interval 1 month);
INSERT INTO dish_discounts (dish_id, discount_id, start_timestamp, end_timestamp) VALUES (19, 16, now(), now() + interval 1 month);
INSERT INTO dish_discounts (dish_id, discount_id, start_timestamp, end_timestamp) VALUES (3, 12, now(), now() + interval 1 month);
INSERT INTO dish_discounts (dish_id, discount_id, start_timestamp, end_timestamp) VALUES (8, 19, now(), now() + interval 1 month);
INSERT INTO dish_discounts (dish_id, discount_id, start_timestamp, end_timestamp) VALUES (1, 9, now(), now() + interval 1 month);
INSERT INTO dish_discounts (dish_id, discount_id, start_timestamp, end_timestamp) VALUES (3, 17, now(), now() + interval 1 month);
INSERT INTO dish_discounts (dish_id, discount_id, start_timestamp, end_timestamp) VALUES (9, 15, now(), now() + interval 1 month);
INSERT INTO dish_discounts (dish_id, discount_id, start_timestamp, end_timestamp) VALUES (2, 16, now(), now() + interval 1 month);
INSERT INTO dish_discounts (dish_id, discount_id, start_timestamp, end_timestamp) VALUES (7, 2, now(), now() + interval 1 month);
INSERT INTO dish_discounts (dish_id, discount_id, start_timestamp, end_timestamp) VALUES (9, 19, now(), now() + interval 1 month);
INSERT INTO orders (order_id, user_id, review_id, address, contact, total_price, status, create_at) VALUES (1, 1005, NULL, '河南省飞市梁平石家庄路m座 517565', '14549359269', '48.94', 'completed', now());
INSERT INTO orders (order_id, user_id, review_id, address, contact, total_price, status, create_at) VALUES (2, 1013, NULL, '广西壮族自治区梧州市南溪王路r座 435517', '15051640173', '25.73', 'completed', now());
INSERT INTO orders (order_id, user_id, review_id, address, contact, total_price, status, create_at) VALUES (3, 1019, NULL, '江西省建平市魏都澳门街D座 207653', '15330592308', '29.66', 'completed', now());
INSERT INTO orders (order_id, user_id, review_id, address, contact, total_price, status, create_at) VALUES (4, 1002, NULL, '海南省沈阳县房山海口路c座 189404', '13607327818', '28.56', 'completed', now());
INSERT INTO orders (order_id, user_id, review_id, address, contact, total_price, status, create_at) VALUES (5, 1012, NULL, '贵州省秀兰县金平郑州路y座 644828', '18082252490', '38.98', 'completed', now());
INSERT INTO orders (order_id, user_id, review_id, address, contact, total_price, status, create_at) VALUES (6, 1017, NULL, '重庆市敏市城东福州路V座 546010', '13104002106', '48.31', 'completed', now());
INSERT INTO orders (order_id, user_id, review_id, address, contact, total_price, status, create_at) VALUES (7, 1016, NULL, '内蒙古自治区重庆市滨城蒋路Z座 846979', '14595257228', '77.30', 'completed', now());
INSERT INTO orders (order_id, user_id, review_id, address, contact, total_price, status, create_at) VALUES (8, 1001, NULL, '湖南省淑华县永川潜江街c座 843373', '13363220260', '60.89', 'completed', now());
INSERT INTO orders (order_id, user_id, review_id, address, contact, total_price, status, create_at) VALUES (9, 1020, NULL, '甘肃省齐齐哈尔县山亭荆门街C座 339429', '15345629564', '28.47', 'completed', now());
INSERT INTO orders (order_id, user_id, review_id, address, contact, total_price, status, create_at) VALUES (10, 1020, NULL, '辽宁省太原县淄川马路w座 600537', '18107535896', '31.86', 'completed', now());
INSERT INTO orders (order_id, user_id, review_id, address, contact, total_price, status, create_at) VALUES (11, 1007, NULL, '宁夏回族自治区石家庄县花溪武汉街Y座 134153', '13193194140', '4.03', 'completed', now());
INSERT INTO orders (order_id, user_id, review_id, address, contact, total_price, status, create_at) VALUES (12, 1020, NULL, '江苏省秀芳县孝南张街d座 910196', '14780466828', '48.21', 'completed', now());
INSERT INTO orders (order_id, user_id, review_id, address, contact, total_price, status, create_at) VALUES (13, 1005, NULL, '辽宁省长春市六枝特尹街a座 400420', '13897557757', '74.58', 'completed', now());
INSERT INTO orders (order_id, user_id, review_id, address, contact, total_price, status, create_at) VALUES (14, 1010, NULL, '上海市海燕市朝阳六盘水街e座 127720', '15650902344', '91.16', 'completed', now());
INSERT INTO orders (order_id, user_id, review_id, address, contact, total_price, status, create_at) VALUES (15, 1020, NULL, '四川省海门县魏都张街q座 325857', '18081186581', '27.41', 'completed', now());
INSERT INTO orders (order_id, user_id, review_id, address, contact, total_price, status, create_at) VALUES (16, 1012, NULL, '广东省辽阳市西峰西安街y座 171740', '13739142450', '52.26', 'completed', now());
INSERT INTO orders (order_id, user_id, review_id, address, contact, total_price, status, create_at) VALUES (17, 1015, NULL, '新疆维吾尔自治区桂香县梁平牟街B座 430501', '13519070209', '76.29', 'completed', now());
INSERT INTO orders (order_id, user_id, review_id, address, contact, total_price, status, create_at) VALUES (18, 1013, NULL, '天津市强市西峰史路K座 882587', '18996676983', '21.31', 'completed', now());
INSERT INTO orders (order_id, user_id, review_id, address, contact, total_price, status, create_at) VALUES (19, 1014, NULL, '贵州省欢市涪城合山路a座 576303', '15691763536', '90.06', 'completed', now());
INSERT INTO orders (order_id, user_id, review_id, address, contact, total_price, status, create_at) VALUES (20, 1003, NULL, '江苏省晨县兴山王路b座 264289', '15059582590', '72.92', 'completed', now());
INSERT INTO order_items (dish_id, order_id, quantity) VALUES (16, 13, '10');
INSERT INTO order_items (dish_id, order_id, quantity) VALUES (5, 6, '6');
INSERT INTO order_items (dish_id, order_id, quantity) VALUES (13, 10, '2');
INSERT INTO order_items (dish_id, order_id, quantity) VALUES (18, 5, '9');
INSERT INTO order_items (dish_id, order_id, quantity) VALUES (6, 10, '6');
INSERT INTO order_items (dish_id, order_id, quantity) VALUES (19, 13, '5');
INSERT INTO order_items (dish_id, order_id, quantity) VALUES (4, 19, '10');
INSERT INTO order_items (dish_id, order_id, quantity) VALUES (5, 14, '3');
INSERT INTO order_items (dish_id, order_id, quantity) VALUES (5, 1, '5');
INSERT INTO order_items (dish_id, order_id, quantity) VALUES (7, 7, '1');
INSERT INTO order_items (dish_id, order_id, quantity) VALUES (16, 6, '6');
INSERT INTO order_items (dish_id, order_id, quantity) VALUES (5, 20, '7');
INSERT INTO order_items (dish_id, order_id, quantity) VALUES (18, 10, '2');
INSERT INTO order_items (dish_id, order_id, quantity) VALUES (13, 9, '2');
INSERT INTO order_items (dish_id, order_id, quantity) VALUES (1, 12, '5');
INSERT INTO order_items (dish_id, order_id, quantity) VALUES (1, 4, '7');
INSERT INTO order_items (dish_id, order_id, quantity) VALUES (17, 13, '2');
INSERT INTO order_items (dish_id, order_id, quantity) VALUES (5, 4, '10');
INSERT INTO order_items (dish_id, order_id, quantity) VALUES (3, 17, '9');
INSERT INTO order_items (dish_id, order_id, quantity) VALUES (12, 13, '7');
INSERT INTO reviews (review_id, user_id, rating, comment, create_at) VALUES (1, 1004, '5', '任何社会首页作者.', now());
INSERT INTO reviews (review_id, user_id, rating, comment, create_at) VALUES (2, 1016, '1', '本站中文要求不会.', now());
INSERT INTO reviews (review_id, user_id, rating, comment, create_at) VALUES (3, 1001, '5', '程序记者实现详细男人.', now());
INSERT INTO reviews (review_id, user_id, rating, comment, create_at) VALUES (4, 1016, '4', '出现方面目前.', now());
INSERT INTO reviews (review_id, user_id, rating, comment, create_at) VALUES (5, 1010, '2', '帮助必须方式管理.', now());
INSERT INTO reviews (review_id, user_id, rating, comment, create_at) VALUES (6, 1004, '1', '人民技术作品学习功能.', now());
INSERT INTO reviews (review_id, user_id, rating, comment, create_at) VALUES (7, 1002, '3', '这些认为谢谢政府部分最大.', now());
INSERT INTO reviews (review_id, user_id, rating, comment, create_at) VALUES (8, 1011, '4', '生产开发因此还有实现这里.', now());
INSERT INTO reviews (review_id, user_id, rating, comment, create_at) VALUES (9, 1010, '3', '内容今年最新公司学校.', now());
INSERT INTO reviews (review_id, user_id, rating, comment, create_at) VALUES (10, 1013, '3', '当然客户朋友政府推荐需要有限.', now());
INSERT INTO reviews (review_id, user_id, rating, comment, create_at) VALUES (11, 1012, '2', '位置精华具有有限发现上海孩子.', now());
INSERT INTO reviews (review_id, user_id, rating, comment, create_at) VALUES (12, 1012, '5', '科技感觉开始公司下载威望决定.', now());
INSERT INTO reviews (review_id, user_id, rating, comment, create_at) VALUES (13, 1012, '3', '如果或者大小出现深圳然后有限.', now());
INSERT INTO reviews (review_id, user_id, rating, comment, create_at) VALUES (14, 1011, '5', '没有管理显示进行.', now());
INSERT INTO reviews (review_id, user_id, rating, comment, create_at) VALUES (15, 1015, '2', '或者责任问题.', now());
INSERT INTO reviews (review_id, user_id, rating, comment, create_at) VALUES (16, 1001, '1', '全国必须经济正在.', now());
INSERT INTO reviews (review_id, user_id, rating, comment, create_at) VALUES (17, 1020, '3', '大学重要搜索人员当前.', now());
INSERT INTO reviews (review_id, user_id, rating, comment, create_at) VALUES (18, 1014, '2', '其实精华男人时间网上.', now());
INSERT INTO reviews (review_id, user_id, rating, comment, create_at) VALUES (19, 1012, '4', '程序需要拥有.', now());
INSERT INTO reviews (review_id, user_id, rating, comment, create_at) VALUES (20, 1003, '2', '位置城市谢谢.', now());
UPDATE orders SET review_id = 1 WHERE order_id = 19;
UPDATE orders SET review_id = 2 WHERE order_id = 1;
UPDATE orders SET review_id = 3 WHERE order_id = 1;
UPDATE orders SET review_id = 4 WHERE order_id = 20;
UPDATE orders SET review_id = 5 WHERE order_id = 19;
UPDATE orders SET review_id = 6 WHERE order_id = 3;
UPDATE orders SET review_id = 7 WHERE order_id = 13;
UPDATE orders SET review_id = 8 WHERE order_id = 3;
UPDATE orders SET review_id = 9 WHERE order_id = 14;
UPDATE orders SET review_id = 10 WHERE order_id = 5;
UPDATE orders SET review_id = 11 WHERE order_id = 10;
UPDATE orders SET review_id = 12 WHERE order_id = 1;
UPDATE orders SET review_id = 13 WHERE order_id = 7;
UPDATE orders SET review_id = 14 WHERE order_id = 12;
UPDATE orders SET review_id = 15 WHERE order_id = 13;
UPDATE orders SET review_id = 16 WHERE order_id = 20;
UPDATE orders SET review_id = 17 WHERE order_id = 7;
UPDATE orders SET review_id = 18 WHERE order_id = 2;
UPDATE orders SET review_id = 19 WHERE order_id = 19;
UPDATE orders SET review_id = 20 WHERE order_id = 6;
INSERT INTO merchant_users (merchant_id, user_id, update_time, job_title, company) VALUES (20, 1003, now(), 'manager', 'company3');
INSERT INTO merchant_users (merchant_id, user_id, update_time, job_title, company) VALUES (18, 1003, now(), 'manager', 'company1');
INSERT INTO merchant_users (merchant_id, user_id, update_time, job_title, company) VALUES (6, 1014, now(), 'merchant', 'company2');
INSERT INTO merchant_users (merchant_id, user_id, update_time, job_title, company) VALUES (18, 1015, now(), 'manager', 'company3');
INSERT INTO merchant_users (merchant_id, user_id, update_time, job_title, company) VALUES (9, 1007, now(), 'merchant', 'company3');
INSERT INTO merchant_users (merchant_id, user_id, update_time, job_title, company) VALUES (20, 1017, now(), 'merchant', 'company1');
INSERT INTO merchant_users (merchant_id, user_id, update_time, job_title, company) VALUES (7, 1005, now(), 'manager', 'company1');
INSERT INTO merchant_users (merchant_id, user_id, update_time, job_title, company) VALUES (8, 1017, now(), 'merchant', 'company1');
INSERT INTO merchant_users (merchant_id, user_id, update_time, job_title, company) VALUES (5, 1005, now(), 'manager', 'company3');
INSERT INTO merchant_users (merchant_id, user_id, update_time, job_title, company) VALUES (12, 1018, now(), 'merchant', 'company3');
INSERT INTO merchant_users (merchant_id, user_id, update_time, job_title, company) VALUES (17, 1012, now(), 'contractor', 'company2');
INSERT INTO merchant_users (merchant_id, user_id, update_time, job_title, company) VALUES (9, 1005, now(), 'manager', 'company1');
INSERT INTO merchant_users (merchant_id, user_id, update_time, job_title, company) VALUES (1, 1002, now(), 'merchant', 'company2');
INSERT INTO merchant_users (merchant_id, user_id, update_time, job_title, company) VALUES (18, 1014, now(), 'manager', 'company3');
INSERT INTO merchant_users (merchant_id, user_id, update_time, job_title, company) VALUES (7, 1018, now(), 'manager', 'company3');
INSERT INTO merchant_users (merchant_id, user_id, update_time, job_title, company) VALUES (14, 1006, now(), 'merchant', 'company3');
INSERT INTO merchant_users (merchant_id, user_id, update_time, job_title, company) VALUES (9, 1012, now(), 'merchant', 'company2');
INSERT INTO merchant_users (merchant_id, user_id, update_time, job_title, company) VALUES (18, 1019, now(), 'merchant', 'company2');
INSERT INTO merchant_users (merchant_id, user_id, update_time, job_title, company) VALUES (1, 1006, now(), 'merchant', 'company3');
INSERT INTO merchant_users (merchant_id, user_id, update_time, job_title, company) VALUES (3, 1006, now(), 'merchant', 'company2');
UPDATE orders SET review_id = 1 WHERE order_id = 5;
UPDATE orders SET review_id = 2 WHERE order_id = 11;
UPDATE orders SET review_id = 3 WHERE order_id = 17;
UPDATE orders SET review_id = 4 WHERE order_id = 16;
UPDATE orders SET review_id = 5 WHERE order_id = 9;
UPDATE orders SET review_id = 6 WHERE order_id = 1;
UPDATE orders SET review_id = 7 WHERE order_id = 1;
UPDATE orders SET review_id = 8 WHERE order_id = 19;
UPDATE orders SET review_id = 9 WHERE order_id = 17;
UPDATE orders SET review_id = 10 WHERE order_id = 17;
UPDATE orders SET review_id = 11 WHERE order_id = 3;
UPDATE orders SET review_id = 12 WHERE order_id = 9;
UPDATE orders SET review_id = 13 WHERE order_id = 6;
UPDATE orders SET review_id = 14 WHERE order_id = 9;
UPDATE orders SET review_id = 15 WHERE order_id = 9;
UPDATE orders SET review_id = 16 WHERE order_id = 3;
UPDATE orders SET review_id = 17 WHERE order_id = 1;
UPDATE orders SET review_id = 18 WHERE order_id = 15;
UPDATE orders SET review_id = 19 WHERE order_id = 10;
UPDATE orders SET review_id = 20 WHERE order_id = 9;
